drink_name,drink_price,restaurant_genre,restaurant_name,restaurant_address,restaurant_tel,restaurant_latitude,restaurant_longitude,restaurant_url
ザ・プレミアム・モルツ　生中,570,焼肉・ホルモン・韓国料理,焼肉六甲　梅田茶屋町店 食べ放題,大阪府大阪市北区茶屋町15-30ＳＭＫ梅田ビル2F,050-5841-6559,,,https://www.hotpepper.jp/strJ001258763/
瓶ビール,570,焼肉・ホルモン・韓国料理,焼肉六甲　梅田茶屋町店 食べ放題,大阪府大阪市北区茶屋町15-30ＳＭＫ梅田ビル2F,050-5841-6559,,,https://www.hotpepper.jp/strJ001258763/
角ハイボール,520,焼肉・ホルモン・韓国料理,焼肉六甲　梅田茶屋町店 食べ放題,大阪府大阪市北区茶屋町15-30ＳＭＫ梅田ビル2F,050-5841-6559,,,https://www.hotpepper.jp/strJ001258763/
角ジンジャー/角コーラ/角ハイ梅/角ハイゆず,550,焼肉・ホルモン・韓国料理,焼肉六甲　梅田茶屋町店 食べ放題,大阪府大阪市北区茶屋町15-30ＳＭＫ梅田ビル2F,050-5841-6559,,,https://www.hotpepper.jp/strJ001258763/
メガ角ハイ,840,焼肉・ホルモン・韓国料理,焼肉六甲　梅田茶屋町店 食べ放題,大阪府大阪市北区茶屋町15-30ＳＭＫ梅田ビル2F,050-5841-6559,,,https://www.hotpepper.jp/strJ001258763/
角ハイ濃いめ,620,焼肉・ホルモン・韓国料理,焼肉六甲　梅田茶屋町店 食べ放題,大阪府大阪市北区茶屋町15-30ＳＭＫ梅田ビル2F,050-5841-6559,,,https://www.hotpepper.jp/strJ001258763/
ジムビームハイボール,490,焼肉・ホルモン・韓国料理,焼肉六甲　梅田茶屋町店 食べ放題,大阪府大阪市北区茶屋町15-30ＳＭＫ梅田ビル2F,050-5841-6559,,,https://www.hotpepper.jp/strJ001258763/
ジムビームジンジャー/ジムビームコーラ/ジムビームハイ梅/ジムビームハイゆず,520,焼肉・ホルモン・韓国料理,焼肉六甲　梅田茶屋町店 食べ放題,大阪府大阪市北区茶屋町15-30ＳＭＫ梅田ビル2F,050-5841-6559,,,https://www.hotpepper.jp/strJ001258763/
メガジムビームハイボール,800,焼肉・ホルモン・韓国料理,焼肉六甲　梅田茶屋町店 食べ放題,大阪府大阪市北区茶屋町15-30ＳＭＫ梅田ビル2F,050-5841-6559,,,https://www.hotpepper.jp/strJ001258763/
チューハイ各種,460,焼肉・ホルモン・韓国料理,焼肉六甲　梅田茶屋町店 食べ放題,大阪府大阪市北区茶屋町15-30ＳＭＫ梅田ビル2F,050-5841-6559,,,https://www.hotpepper.jp/strJ001258763/
トマトサワー,490,焼肉・ホルモン・韓国料理,焼肉六甲　梅田茶屋町店 食べ放題,大阪府大阪市北区茶屋町15-30ＳＭＫ梅田ビル2F,050-5841-6559,,,https://www.hotpepper.jp/strJ001258763/
白いサワー,490,焼肉・ホルモン・韓国料理,焼肉六甲　梅田茶屋町店 食べ放題,大阪府大阪市北区茶屋町15-30ＳＭＫ梅田ビル2F,050-5841-6559,,,https://www.hotpepper.jp/strJ001258763/
ジントニック/カシスソーダ/モヒート,490,焼肉・ホルモン・韓国料理,焼肉六甲　梅田茶屋町店 食べ放題,大阪府大阪市北区茶屋町15-30ＳＭＫ梅田ビル2F,050-5841-6559,,,https://www.hotpepper.jp/strJ001258763/
ウーロンハイ/ピーチウーロン/カシスウーロン/シャンディガフ/カシスオレンジ/ファジーネーブル,520,焼肉・ホルモン・韓国料理,焼肉六甲　梅田茶屋町店 食べ放題,大阪府大阪市北区茶屋町15-30ＳＭＫ梅田ビル2F,050-5841-6559,,,https://www.hotpepper.jp/strJ001258763/
果実酒(ロック・ソーダ割),490,焼肉・ホルモン・韓国料理,焼肉六甲　梅田茶屋町店 食べ放題,大阪府大阪市北区茶屋町15-30ＳＭＫ梅田ビル2F,050-5841-6559,,,https://www.hotpepper.jp/strJ001258763/
マッコリ,460,焼肉・ホルモン・韓国料理,焼肉六甲　梅田茶屋町店 食べ放題,大阪府大阪市北区茶屋町15-30ＳＭＫ梅田ビル2F,050-5841-6559,,,https://www.hotpepper.jp/strJ001258763/
マッコリ(ボトル),1700,焼肉・ホルモン・韓国料理,焼肉六甲　梅田茶屋町店 食べ放題,大阪府大阪市北区茶屋町15-30ＳＭＫ梅田ビル2F,050-5841-6559,,,https://www.hotpepper.jp/strJ001258763/
マッコリカクテル,490,焼肉・ホルモン・韓国料理,焼肉六甲　梅田茶屋町店 食べ放題,大阪府大阪市北区茶屋町15-30ＳＭＫ梅田ビル2F,050-5841-6559,,,https://www.hotpepper.jp/strJ001258763/
グラスワイン　　カルロ・ロッシ,490,焼肉・ホルモン・韓国料理,焼肉六甲　梅田茶屋町店 食べ放題,大阪府大阪市北区茶屋町15-30ＳＭＫ梅田ビル2F,050-5841-6559,,,https://www.hotpepper.jp/strJ001258763/
ロックスタイル　ロッシ・ロック,490,焼肉・ホルモン・韓国料理,焼肉六甲　梅田茶屋町店 食べ放題,大阪府大阪市北区茶屋町15-30ＳＭＫ梅田ビル2F,050-5841-6559,,,https://www.hotpepper.jp/strJ001258763/
カリモーチョ/ワインクーラー/オペレーター/スピリッツァ,520,焼肉・ホルモン・韓国料理,焼肉六甲　梅田茶屋町店 食べ放題,大阪府大阪市北区茶屋町15-30ＳＭＫ梅田ビル2F,050-5841-6559,,,https://www.hotpepper.jp/strJ001258763/
知多/メーカーズマーク,620,焼肉・ホルモン・韓国料理,焼肉六甲　梅田茶屋町店 食べ放題,大阪府大阪市北区茶屋町15-30ＳＭＫ梅田ビル2F,050-5841-6559,,,https://www.hotpepper.jp/strJ001258763/
碧,690,焼肉・ホルモン・韓国料理,焼肉六甲　梅田茶屋町店 食べ放題,大阪府大阪市北区茶屋町15-30ＳＭＫ梅田ビル2F,050-5841-6559,,,https://www.hotpepper.jp/strJ001258763/
日本酒(小),460,焼肉・ホルモン・韓国料理,焼肉六甲　梅田茶屋町店 食べ放題,大阪府大阪市北区茶屋町15-30ＳＭＫ梅田ビル2F,050-5841-6559,,,https://www.hotpepper.jp/strJ001258763/
日本酒（大）,860,焼肉・ホルモン・韓国料理,焼肉六甲　梅田茶屋町店 食べ放題,大阪府大阪市北区茶屋町15-30ＳＭＫ梅田ビル2F,050-5841-6559,,,https://www.hotpepper.jp/strJ001258763/
冷酒,750,焼肉・ホルモン・韓国料理,焼肉六甲　梅田茶屋町店 食べ放題,大阪府大阪市北区茶屋町15-30ＳＭＫ梅田ビル2F,050-5841-6559,,,https://www.hotpepper.jp/strJ001258763/
黒丸（芋）,620,焼肉・ホルモン・韓国料理,焼肉六甲　梅田茶屋町店 食べ放題,大阪府大阪市北区茶屋町15-30ＳＭＫ梅田ビル2F,050-5841-6559,,,https://www.hotpepper.jp/strJ001258763/
大隅（芋・麦）,490,焼肉・ホルモン・韓国料理,焼肉六甲　梅田茶屋町店 食べ放題,大阪府大阪市北区茶屋町15-30ＳＭＫ梅田ビル2F,050-5841-6559,,,https://www.hotpepper.jp/strJ001258763/
八重丸,620,焼肉・ホルモン・韓国料理,焼肉六甲　梅田茶屋町店 食べ放題,大阪府大阪市北区茶屋町15-30ＳＭＫ梅田ビル2F,050-5841-6559,,,https://www.hotpepper.jp/strJ001258763/
紀州南高梅酒,490,焼肉・ホルモン・韓国料理,焼肉六甲　梅田茶屋町店 食べ放題,大阪府大阪市北区茶屋町15-30ＳＭＫ梅田ビル2F,050-5841-6559,,,https://www.hotpepper.jp/strJ001258763/
澄みわたる梅酒,490,焼肉・ホルモン・韓国料理,焼肉六甲　梅田茶屋町店 食べ放題,大阪府大阪市北区茶屋町15-30ＳＭＫ梅田ビル2F,050-5841-6559,,,https://www.hotpepper.jp/strJ001258763/
ウーロン茶/コーラ/ジンジャエール/オレンジジュース/純氷グレープフルーツジュース,340,焼肉・ホルモン・韓国料理,焼肉六甲　梅田茶屋町店 食べ放題,大阪府大阪市北区茶屋町15-30ＳＭＫ梅田ビル2F,050-5841-6559,,,https://www.hotpepper.jp/strJ001258763/
カルピス/カルピスソーダ/メロンソーダ/ゆずソーダ/青りんごソーダ/パイナップルソ-ダ,340,焼肉・ホルモン・韓国料理,焼肉六甲　梅田茶屋町店 食べ放題,大阪府大阪市北区茶屋町15-30ＳＭＫ梅田ビル2F,050-5841-6559,,,https://www.hotpepper.jp/strJ001258763/
オールフリー,380,焼肉・ホルモン・韓国料理,焼肉六甲　梅田茶屋町店 食べ放題,大阪府大阪市北区茶屋町15-30ＳＭＫ梅田ビル2F,050-5841-6559,,,https://www.hotpepper.jp/strJ001258763/
まるで梅酒なノンアルコール,380,焼肉・ホルモン・韓国料理,焼肉六甲　梅田茶屋町店 食べ放題,大阪府大阪市北区茶屋町15-30ＳＭＫ梅田ビル2F,050-5841-6559,,,https://www.hotpepper.jp/strJ001258763/
こだわり酒場のレモンサワー,490,居酒屋・和食,赤から鍋とセセリ焼き　赤から梅田NU茶屋町店,大阪府大阪市北区茶屋町10-１2NU茶屋町８F,050-5284-8603,,,https://www.hotpepper.jp/strJ001160309/
赤いレモンサワー,490,居酒屋・和食,赤から鍋とセセリ焼き　赤から梅田NU茶屋町店,大阪府大阪市北区茶屋町10-１2NU茶屋町８F,050-5284-8603,,,https://www.hotpepper.jp/strJ001160309/
スパイシーレモンサワー,490,居酒屋・和食,赤から鍋とセセリ焼き　赤から梅田NU茶屋町店,大阪府大阪市北区茶屋町10-１2NU茶屋町８F,050-5284-8603,,,https://www.hotpepper.jp/strJ001160309/
プレミアムレモンサワー,490,居酒屋・和食,赤から鍋とセセリ焼き　赤から梅田NU茶屋町店,大阪府大阪市北区茶屋町10-１2NU茶屋町８F,050-5284-8603,,,https://www.hotpepper.jp/strJ001160309/
ハイボール,430,居酒屋・和食,赤から鍋とセセリ焼き　赤から梅田NU茶屋町店,大阪府大阪市北区茶屋町10-１2NU茶屋町８F,050-5284-8603,,,https://www.hotpepper.jp/strJ001160309/
コークハイボール,460,居酒屋・和食,赤から鍋とセセリ焼き　赤から梅田NU茶屋町店,大阪府大阪市北区茶屋町10-１2NU茶屋町８F,050-5284-8603,,,https://www.hotpepper.jp/strJ001160309/
ジンジャーハイボール,460,居酒屋・和食,赤から鍋とセセリ焼き　赤から梅田NU茶屋町店,大阪府大阪市北区茶屋町10-１2NU茶屋町８F,050-5284-8603,,,https://www.hotpepper.jp/strJ001160309/
大人のコカ・コーラフロート,490,居酒屋・和食,赤から鍋とセセリ焼き　赤から梅田NU茶屋町店,大阪府大阪市北区茶屋町10-１2NU茶屋町８F,050-5284-8603,,,https://www.hotpepper.jp/strJ001160309/
知多ハイボール,590,居酒屋・和食,赤から鍋とセセリ焼き　赤から梅田NU茶屋町店,大阪府大阪市北区茶屋町10-１2NU茶屋町８F,050-5284-8603,,,https://www.hotpepper.jp/strJ001160309/
デュワーズ12年ハイボール,590,居酒屋・和食,赤から鍋とセセリ焼き　赤から梅田NU茶屋町店,大阪府大阪市北区茶屋町10-１2NU茶屋町８F,050-5284-8603,,,https://www.hotpepper.jp/strJ001160309/
生ビール,590,居酒屋・和食,赤から鍋とセセリ焼き　赤から梅田NU茶屋町店,大阪府大阪市北区茶屋町10-１2NU茶屋町８F,050-5284-8603,,,https://www.hotpepper.jp/strJ001160309/
ノンアルコールビール,460,居酒屋・和食,赤から鍋とセセリ焼き　赤から梅田NU茶屋町店,大阪府大阪市北区茶屋町10-１2NU茶屋町８F,050-5284-8603,,,https://www.hotpepper.jp/strJ001160309/
リンゴサワー,460,居酒屋・和食,赤から鍋とセセリ焼き　赤から梅田NU茶屋町店,大阪府大阪市北区茶屋町10-１2NU茶屋町８F,050-5284-8603,,,https://www.hotpepper.jp/strJ001160309/
ストロベリーサワー,460,居酒屋・和食,赤から鍋とセセリ焼き　赤から梅田NU茶屋町店,大阪府大阪市北区茶屋町10-１2NU茶屋町８F,050-5284-8603,,,https://www.hotpepper.jp/strJ001160309/
山梨ピオーネサワー,460,居酒屋・和食,赤から鍋とセセリ焼き　赤から梅田NU茶屋町店,大阪府大阪市北区茶屋町10-１2NU茶屋町８F,050-5284-8603,,,https://www.hotpepper.jp/strJ001160309/
パインサワー,460,居酒屋・和食,赤から鍋とセセリ焼き　赤から梅田NU茶屋町店,大阪府大阪市北区茶屋町10-１2NU茶屋町８F,050-5284-8603,,,https://www.hotpepper.jp/strJ001160309/
ピーチサワー,460,居酒屋・和食,赤から鍋とセセリ焼き　赤から梅田NU茶屋町店,大阪府大阪市北区茶屋町10-１2NU茶屋町８F,050-5284-8603,,,https://www.hotpepper.jp/strJ001160309/
ピンクグレープフルーツサワー,460,居酒屋・和食,赤から鍋とセセリ焼き　赤から梅田NU茶屋町店,大阪府大阪市北区茶屋町10-１2NU茶屋町８F,050-5284-8603,,,https://www.hotpepper.jp/strJ001160309/
宮崎マンゴーサワー,460,居酒屋・和食,赤から鍋とセセリ焼き　赤から梅田NU茶屋町店,大阪府大阪市北区茶屋町10-１2NU茶屋町８F,050-5284-8603,,,https://www.hotpepper.jp/strJ001160309/
カルピスサワー,460,居酒屋・和食,赤から鍋とセセリ焼き　赤から梅田NU茶屋町店,大阪府大阪市北区茶屋町10-１2NU茶屋町８F,050-5284-8603,,,https://www.hotpepper.jp/strJ001160309/
男梅サワー,460,居酒屋・和食,赤から鍋とセセリ焼き　赤から梅田NU茶屋町店,大阪府大阪市北区茶屋町10-１2NU茶屋町８F,050-5284-8603,,,https://www.hotpepper.jp/strJ001160309/
宇治抹茶ハイ,460,居酒屋・和食,赤から鍋とセセリ焼き　赤から梅田NU茶屋町店,大阪府大阪市北区茶屋町10-１2NU茶屋町８F,050-5284-8603,,,https://www.hotpepper.jp/strJ001160309/
ウーロンハイ,390,居酒屋・和食,赤から鍋とセセリ焼き　赤から梅田NU茶屋町店,大阪府大阪市北区茶屋町10-１2NU茶屋町８F,050-5284-8603,,,https://www.hotpepper.jp/strJ001160309/
黒ウーロンハイ,430,居酒屋・和食,赤から鍋とセセリ焼き　赤から梅田NU茶屋町店,大阪府大阪市北区茶屋町10-１2NU茶屋町８F,050-5284-8603,,,https://www.hotpepper.jp/strJ001160309/
緑茶ハイ,390,居酒屋・和食,赤から鍋とセセリ焼き　赤から梅田NU茶屋町店,大阪府大阪市北区茶屋町10-１2NU茶屋町８F,050-5284-8603,,,https://www.hotpepper.jp/strJ001160309/
翠　ジンソーダ,470,居酒屋・和食,赤から鍋とセセリ焼き　赤から梅田NU茶屋町店,大阪府大阪市北区茶屋町10-１2NU茶屋町８F,050-5284-8603,,,https://www.hotpepper.jp/strJ001160309/
モスコミュール(ウォッカジンジャー),460,居酒屋・和食,赤から鍋とセセリ焼き　赤から梅田NU茶屋町店,大阪府大阪市北区茶屋町10-１2NU茶屋町８F,050-5284-8603,,,https://www.hotpepper.jp/strJ001160309/
スクリュードライバー(ウォッカオレンジ),460,居酒屋・和食,赤から鍋とセセリ焼き　赤から梅田NU茶屋町店,大阪府大阪市北区茶屋町10-１2NU茶屋町８F,050-5284-8603,,,https://www.hotpepper.jp/strJ001160309/
カシスソーダ,460,居酒屋・和食,赤から鍋とセセリ焼き　赤から梅田NU茶屋町店,大阪府大阪市北区茶屋町10-１2NU茶屋町８F,050-5284-8603,,,https://www.hotpepper.jp/strJ001160309/
カシスオレンジ,460,居酒屋・和食,赤から鍋とセセリ焼き　赤から梅田NU茶屋町店,大阪府大阪市北区茶屋町10-１2NU茶屋町８F,050-5284-8603,,,https://www.hotpepper.jp/strJ001160309/
カシスウーロン,460,居酒屋・和食,赤から鍋とセセリ焼き　赤から梅田NU茶屋町店,大阪府大阪市北区茶屋町10-１2NU茶屋町８F,050-5284-8603,,,https://www.hotpepper.jp/strJ001160309/
ファジーネーブル(ピーチオレンジ),460,居酒屋・和食,赤から鍋とセセリ焼き　赤から梅田NU茶屋町店,大阪府大阪市北区茶屋町10-１2NU茶屋町８F,050-5284-8603,,,https://www.hotpepper.jp/strJ001160309/
レゲエパンチ(ピーチウーロン),460,居酒屋・和食,赤から鍋とセセリ焼き　赤から梅田NU茶屋町店,大阪府大阪市北区茶屋町10-１2NU茶屋町８F,050-5284-8603,,,https://www.hotpepper.jp/strJ001160309/
巨峰カルピス(巨峰酒＋カルピス＋炭酸),460,居酒屋・和食,赤から鍋とセセリ焼き　赤から梅田NU茶屋町店,大阪府大阪市北区茶屋町10-１2NU茶屋町８F,050-5284-8603,,,https://www.hotpepper.jp/strJ001160309/
ピンクの恋人(いちご酒＋牛乳＋炭酸),460,居酒屋・和食,赤から鍋とセセリ焼き　赤から梅田NU茶屋町店,大阪府大阪市北区茶屋町10-１2NU茶屋町８F,050-5284-8603,,,https://www.hotpepper.jp/strJ001160309/
赤玉パンチ,460,居酒屋・和食,赤から鍋とセセリ焼き　赤から梅田NU茶屋町店,大阪府大阪市北区茶屋町10-１2NU茶屋町８F,050-5284-8603,,,https://www.hotpepper.jp/strJ001160309/
梅酒,460,居酒屋・和食,赤から鍋とセセリ焼き　赤から梅田NU茶屋町店,大阪府大阪市北区茶屋町10-１2NU茶屋町８F,050-5284-8603,,,https://www.hotpepper.jp/strJ001160309/
巨峰酒,460,居酒屋・和食,赤から鍋とセセリ焼き　赤から梅田NU茶屋町店,大阪府大阪市北区茶屋町10-１2NU茶屋町８F,050-5284-8603,,,https://www.hotpepper.jp/strJ001160309/
澪,530,居酒屋・和食,赤から鍋とセセリ焼き　赤から梅田NU茶屋町店,大阪府大阪市北区茶屋町10-１2NU茶屋町８F,050-5284-8603,,,https://www.hotpepper.jp/strJ001160309/
豪快(熱燗・冷酒),530,居酒屋・和食,赤から鍋とセセリ焼き　赤から梅田NU茶屋町店,大阪府大阪市北区茶屋町10-１2NU茶屋町８F,050-5284-8603,,,https://www.hotpepper.jp/strJ001160309/
［芋］こくいも,430,居酒屋・和食,赤から鍋とセセリ焼き　赤から梅田NU茶屋町店,大阪府大阪市北区茶屋町10-１2NU茶屋町８F,050-5284-8603,,,https://www.hotpepper.jp/strJ001160309/
［芋］一刻者,530,居酒屋・和食,赤から鍋とセセリ焼き　赤から梅田NU茶屋町店,大阪府大阪市北区茶屋町10-１2NU茶屋町８F,050-5284-8603,,,https://www.hotpepper.jp/strJ001160309/
［麦］こいむぎ,430,居酒屋・和食,赤から鍋とセセリ焼き　赤から梅田NU茶屋町店,大阪府大阪市北区茶屋町10-１2NU茶屋町８F,050-5284-8603,,,https://www.hotpepper.jp/strJ001160309/
コカ・コーラ／ジンジャーエール／オレンジジュース／マンゴジュース(ラージサイズ),390,居酒屋・和食,赤から鍋とセセリ焼き　赤から梅田NU茶屋町店,大阪府大阪市北区茶屋町10-１2NU茶屋町８F,050-5284-8603,,,https://www.hotpepper.jp/strJ001160309/
カルピス／ピーチネクター／いちごみるく／リンゴソーダ(ラージサイズ),390,居酒屋・和食,赤から鍋とセセリ焼き　赤から梅田NU茶屋町店,大阪府大阪市北区茶屋町10-１2NU茶屋町８F,050-5284-8603,,,https://www.hotpepper.jp/strJ001160309/
メロンソーダ／ピーチソーダ／山梨ピオーネソーダ(ラージサイズ),390,居酒屋・和食,赤から鍋とセセリ焼き　赤から梅田NU茶屋町店,大阪府大阪市北区茶屋町10-１2NU茶屋町８F,050-5284-8603,,,https://www.hotpepper.jp/strJ001160309/
宮崎マンゴーソーダ／ピンクグレープフルーツソーダ(ラージサイズ),390,居酒屋・和食,赤から鍋とセセリ焼き　赤から梅田NU茶屋町店,大阪府大阪市北区茶屋町10-１2NU茶屋町８F,050-5284-8603,,,https://www.hotpepper.jp/strJ001160309/
コカ・コーラフロート／メロンソーダフロート(ラージサイズ),450,居酒屋・和食,赤から鍋とセセリ焼き　赤から梅田NU茶屋町店,大阪府大阪市北区茶屋町10-１2NU茶屋町８F,050-5284-8603,,,https://www.hotpepper.jp/strJ001160309/
アオバ＆コーク(ラージサイズ),450,居酒屋・和食,赤から鍋とセセリ焼き　赤から梅田NU茶屋町店,大阪府大阪市北区茶屋町10-１2NU茶屋町８F,050-5284-8603,,,https://www.hotpepper.jp/strJ001160309/
ペペマンゴー＆コーク(ラージサイズ),450,居酒屋・和食,赤から鍋とセセリ焼き　赤から梅田NU茶屋町店,大阪府大阪市北区茶屋町10-１2NU茶屋町８F,050-5284-8603,,,https://www.hotpepper.jp/strJ001160309/
緑茶(ラージサイズ),350,居酒屋・和食,赤から鍋とセセリ焼き　赤から梅田NU茶屋町店,大阪府大阪市北区茶屋町10-１2NU茶屋町８F,050-5284-8603,,,https://www.hotpepper.jp/strJ001160309/
ウーロン茶(ラージサイズ),350,居酒屋・和食,赤から鍋とセセリ焼き　赤から梅田NU茶屋町店,大阪府大阪市北区茶屋町10-１2NU茶屋町８F,050-5284-8603,,,https://www.hotpepper.jp/strJ001160309/
黒ウーロン茶(ラージサイズ),360,居酒屋・和食,赤から鍋とセセリ焼き　赤から梅田NU茶屋町店,大阪府大阪市北区茶屋町10-１2NU茶屋町８F,050-5284-8603,,,https://www.hotpepper.jp/strJ001160309/
ノンアルコールビール,460,居酒屋・和食,赤から鍋とセセリ焼き　赤から梅田NU茶屋町店,大阪府大阪市北区茶屋町10-１2NU茶屋町８F,050-5284-8603,,,https://www.hotpepper.jp/strJ001160309/
名物！゛0秒レモンサワー飲み放題゛,500,焼肉・ホルモン・居酒屋,０秒レモンサワー 仙台ホルモン焼肉酒場ときわ亭 大阪 梅田 阪急東通り店 居酒屋,大阪府大阪市北区堂山町２－１１MKビートルビル１Ｆ,050-5572-9562,,,https://www.hotpepper.jp/strJ001268796/
まずはフレーバーを選んじゃお！,-,焼肉・ホルモン・居酒屋,０秒レモンサワー 仙台ホルモン焼肉酒場ときわ亭 大阪 梅田 阪急東通り店 居酒屋,大阪府大阪市北区堂山町２－１１MKビートルビル１Ｆ,050-5572-9562,,,https://www.hotpepper.jp/strJ001268796/
【追加】かちかち！冷凍レモンサワー,110,焼肉・ホルモン・居酒屋,０秒レモンサワー 仙台ホルモン焼肉酒場ときわ亭 大阪 梅田 阪急東通り店 居酒屋,大阪府大阪市北区堂山町２－１１MKビートルビル１Ｆ,050-5572-9562,,,https://www.hotpepper.jp/strJ001268796/
【追加】まるごと！生しぼりレモンサワー,110,焼肉・ホルモン・居酒屋,０秒レモンサワー 仙台ホルモン焼肉酒場ときわ亭 大阪 梅田 阪急東通り店 居酒屋,大阪府大阪市北区堂山町２－１１MKビートルビル１Ｆ,050-5572-9562,,,https://www.hotpepper.jp/strJ001268796/
【追加】女子力高め！はみ出しレモンタワー,110,焼肉・ホルモン・居酒屋,０秒レモンサワー 仙台ホルモン焼肉酒場ときわ亭 大阪 梅田 阪急東通り店 居酒屋,大阪府大阪市北区堂山町２－１１MKビートルビル１Ｆ,050-5572-9562,,,https://www.hotpepper.jp/strJ001268796/
【追加】鬼おろしレモンサワー,110,焼肉・ホルモン・居酒屋,０秒レモンサワー 仙台ホルモン焼肉酒場ときわ亭 大阪 梅田 阪急東通り店 居酒屋,大阪府大阪市北区堂山町２－１１MKビートルビル１Ｆ,050-5572-9562,,,https://www.hotpepper.jp/strJ001268796/
まずは、最初の1杯目！！！,-,焼肉・ホルモン・居酒屋,０秒レモンサワー 仙台ホルモン焼肉酒場ときわ亭 大阪 梅田 阪急東通り店 居酒屋,大阪府大阪市北区堂山町２－１１MKビートルビル１Ｆ,050-5572-9562,,,https://www.hotpepper.jp/strJ001268796/
あとは、飲みたくなったらひねるだけ！！！,-,焼肉・ホルモン・居酒屋,０秒レモンサワー 仙台ホルモン焼肉酒場ときわ亭 大阪 梅田 阪急東通り店 居酒屋,大阪府大阪市北区堂山町２－１１MKビートルビル１Ｆ,050-5572-9562,,,https://www.hotpepper.jp/strJ001268796/
とにかく待ち時間がゼロ！！！,-,焼肉・ホルモン・居酒屋,０秒レモンサワー 仙台ホルモン焼肉酒場ときわ亭 大阪 梅田 阪急東通り店 居酒屋,大阪府大阪市北区堂山町２－１１MKビートルビル１Ｆ,050-5572-9562,,,https://www.hotpepper.jp/strJ001268796/
絶対グラスで♪,-,焼肉・ホルモン・居酒屋,０秒レモンサワー 仙台ホルモン焼肉酒場ときわ亭 大阪 梅田 阪急東通り店 居酒屋,大阪府大阪市北区堂山町２－１１MKビートルビル１Ｆ,050-5572-9562,,,https://www.hotpepper.jp/strJ001268796/
スプラッシュマウンテン禁止♪,-,焼肉・ホルモン・居酒屋,０秒レモンサワー 仙台ホルモン焼肉酒場ときわ亭 大阪 梅田 阪急東通り店 居酒屋,大阪府大阪市北区堂山町２－１１MKビートルビル１Ｆ,050-5572-9562,,,https://www.hotpepper.jp/strJ001268796/
サッポロ黒ラベル（中ジョッキ）,528,焼肉・ホルモン・居酒屋,０秒レモンサワー 仙台ホルモン焼肉酒場ときわ亭 大阪 梅田 阪急東通り店 居酒屋,大阪府大阪市北区堂山町２－１１MKビートルビル１Ｆ,050-5572-9562,,,https://www.hotpepper.jp/strJ001268796/
角ハイボールシングル,418,焼肉・ホルモン・居酒屋,０秒レモンサワー 仙台ホルモン焼肉酒場ときわ亭 大阪 梅田 阪急東通り店 居酒屋,大阪府大阪市北区堂山町２－１１MKビートルビル１Ｆ,050-5572-9562,,,https://www.hotpepper.jp/strJ001268796/
ジンジャーハイボール,528,焼肉・ホルモン・居酒屋,０秒レモンサワー 仙台ホルモン焼肉酒場ときわ亭 大阪 梅田 阪急東通り店 居酒屋,大阪府大阪市北区堂山町２－１１MKビートルビル１Ｆ,050-5572-9562,,,https://www.hotpepper.jp/strJ001268796/
コークハイボール,528,焼肉・ホルモン・居酒屋,０秒レモンサワー 仙台ホルモン焼肉酒場ときわ亭 大阪 梅田 阪急東通り店 居酒屋,大阪府大阪市北区堂山町２－１１MKビートルビル１Ｆ,050-5572-9562,,,https://www.hotpepper.jp/strJ001268796/
角瓶,418,焼肉・ホルモン・居酒屋,０秒レモンサワー 仙台ホルモン焼肉酒場ときわ亭 大阪 梅田 阪急東通り店 居酒屋,大阪府大阪市北区堂山町２－１１MKビートルビル１Ｆ,050-5572-9562,,,https://www.hotpepper.jp/strJ001268796/
氷彩サワー,418,焼肉・ホルモン・居酒屋,０秒レモンサワー 仙台ホルモン焼肉酒場ときわ亭 大阪 梅田 阪急東通り店 居酒屋,大阪府大阪市北区堂山町２－１１MKビートルビル１Ｆ,050-5572-9562,,,https://www.hotpepper.jp/strJ001268796/
ウーロンハイ,418,焼肉・ホルモン・居酒屋,０秒レモンサワー 仙台ホルモン焼肉酒場ときわ亭 大阪 梅田 阪急東通り店 居酒屋,大阪府大阪市北区堂山町２－１１MKビートルビル１Ｆ,050-5572-9562,,,https://www.hotpepper.jp/strJ001268796/
緑茶ハイ,418,焼肉・ホルモン・居酒屋,０秒レモンサワー 仙台ホルモン焼肉酒場ときわ亭 大阪 梅田 阪急東通り店 居酒屋,大阪府大阪市北区堂山町２－１１MKビートルビル１Ｆ,050-5572-9562,,,https://www.hotpepper.jp/strJ001268796/
やかん チャミスル,880,焼肉・ホルモン・居酒屋,０秒レモンサワー 仙台ホルモン焼肉酒場ときわ亭 大阪 梅田 阪急東通り店 居酒屋,大阪府大阪市北区堂山町２－１１MKビートルビル１Ｆ,050-5572-9562,,,https://www.hotpepper.jp/strJ001268796/
おかわり チャミスル,770,焼肉・ホルモン・居酒屋,０秒レモンサワー 仙台ホルモン焼肉酒場ときわ亭 大阪 梅田 阪急東通り店 居酒屋,大阪府大阪市北区堂山町２－１１MKビートルビル１Ｆ,050-5572-9562,,,https://www.hotpepper.jp/strJ001268796/
グラスワイン（赤・白）,418,焼肉・ホルモン・居酒屋,０秒レモンサワー 仙台ホルモン焼肉酒場ときわ亭 大阪 梅田 阪急東通り店 居酒屋,大阪府大阪市北区堂山町２－１１MKビートルビル１Ｆ,050-5572-9562,,,https://www.hotpepper.jp/strJ001268796/
カシスソーダ,528,焼肉・ホルモン・居酒屋,０秒レモンサワー 仙台ホルモン焼肉酒場ときわ亭 大阪 梅田 阪急東通り店 居酒屋,大阪府大阪市北区堂山町２－１１MKビートルビル１Ｆ,050-5572-9562,,,https://www.hotpepper.jp/strJ001268796/
カシスオレンジ,528,焼肉・ホルモン・居酒屋,０秒レモンサワー 仙台ホルモン焼肉酒場ときわ亭 大阪 梅田 阪急東通り店 居酒屋,大阪府大阪市北区堂山町２－１１MKビートルビル１Ｆ,050-5572-9562,,,https://www.hotpepper.jp/strJ001268796/
カシスウーロン,528,焼肉・ホルモン・居酒屋,０秒レモンサワー 仙台ホルモン焼肉酒場ときわ亭 大阪 梅田 阪急東通り店 居酒屋,大阪府大阪市北区堂山町２－１１MKビートルビル１Ｆ,050-5572-9562,,,https://www.hotpepper.jp/strJ001268796/
カシスグレープフルーツ,528,焼肉・ホルモン・居酒屋,０秒レモンサワー 仙台ホルモン焼肉酒場ときわ亭 大阪 梅田 阪急東通り店 居酒屋,大阪府大阪市北区堂山町２－１１MKビートルビル１Ｆ,050-5572-9562,,,https://www.hotpepper.jp/strJ001268796/
マッコリ,418,焼肉・ホルモン・居酒屋,０秒レモンサワー 仙台ホルモン焼肉酒場ときわ亭 大阪 梅田 阪急東通り店 居酒屋,大阪府大阪市北区堂山町２－１１MKビートルビル１Ｆ,050-5572-9562,,,https://www.hotpepper.jp/strJ001268796/
梅酒,418,焼肉・ホルモン・居酒屋,０秒レモンサワー 仙台ホルモン焼肉酒場ときわ亭 大阪 梅田 阪急東通り店 居酒屋,大阪府大阪市北区堂山町２－１１MKビートルビル１Ｆ,050-5572-9562,,,https://www.hotpepper.jp/strJ001268796/
ウーロン茶,418,焼肉・ホルモン・居酒屋,０秒レモンサワー 仙台ホルモン焼肉酒場ときわ亭 大阪 梅田 阪急東通り店 居酒屋,大阪府大阪市北区堂山町２－１１MKビートルビル１Ｆ,050-5572-9562,,,https://www.hotpepper.jp/strJ001268796/
緑茶,418,焼肉・ホルモン・居酒屋,０秒レモンサワー 仙台ホルモン焼肉酒場ときわ亭 大阪 梅田 阪急東通り店 居酒屋,大阪府大阪市北区堂山町２－１１MKビートルビル１Ｆ,050-5572-9562,,,https://www.hotpepper.jp/strJ001268796/
コカ・コーラ,418,焼肉・ホルモン・居酒屋,０秒レモンサワー 仙台ホルモン焼肉酒場ときわ亭 大阪 梅田 阪急東通り店 居酒屋,大阪府大阪市北区堂山町２－１１MKビートルビル１Ｆ,050-5572-9562,,,https://www.hotpepper.jp/strJ001268796/
ジンジャーエール,418,焼肉・ホルモン・居酒屋,０秒レモンサワー 仙台ホルモン焼肉酒場ときわ亭 大阪 梅田 阪急東通り店 居酒屋,大阪府大阪市北区堂山町２－１１MKビートルビル１Ｆ,050-5572-9562,,,https://www.hotpepper.jp/strJ001268796/
オレンジジュース,418,焼肉・ホルモン・居酒屋,０秒レモンサワー 仙台ホルモン焼肉酒場ときわ亭 大阪 梅田 阪急東通り店 居酒屋,大阪府大阪市北区堂山町２－１１MKビートルビル１Ｆ,050-5572-9562,,,https://www.hotpepper.jp/strJ001268796/
グレープフルーツジュース,418,焼肉・ホルモン・居酒屋,０秒レモンサワー 仙台ホルモン焼肉酒場ときわ亭 大阪 梅田 阪急東通り店 居酒屋,大阪府大阪市北区堂山町２－１１MKビートルビル１Ｆ,050-5572-9562,,,https://www.hotpepper.jp/strJ001268796/
カルピス,418,焼肉・ホルモン・居酒屋,０秒レモンサワー 仙台ホルモン焼肉酒場ときわ亭 大阪 梅田 阪急東通り店 居酒屋,大阪府大阪市北区堂山町２－１１MKビートルビル１Ｆ,050-5572-9562,,,https://www.hotpepper.jp/strJ001268796/
キリン一番搾り,506,居酒屋・和食,海鮮×寿司×食べ放題　魚屋テツ子。梅田店,大阪府大阪市北区堂山町10-1SKビル1F,050-5831-0544,,,https://www.hotpepper.jp/strJ001281975/
アサヒスーパードライ 中瓶,715,居酒屋・和食,海鮮×寿司×食べ放題　魚屋テツ子。梅田店,大阪府大阪市北区堂山町10-1SKビル1F,050-5831-0544,,,https://www.hotpepper.jp/strJ001281975/
サッポロ黒ラベル 中瓶,715,居酒屋・和食,海鮮×寿司×食べ放題　魚屋テツ子。梅田店,大阪府大阪市北区堂山町10-1SKビル1F,050-5831-0544,,,https://www.hotpepper.jp/strJ001281975/
サッポロ赤星 中瓶,715,居酒屋・和食,海鮮×寿司×食べ放題　魚屋テツ子。梅田店,大阪府大阪市北区堂山町10-1SKビル1F,050-5831-0544,,,https://www.hotpepper.jp/strJ001281975/
シャンディガフ,495,居酒屋・和食,海鮮×寿司×食べ放題　魚屋テツ子。梅田店,大阪府大阪市北区堂山町10-1SKビル1F,050-5831-0544,,,https://www.hotpepper.jp/strJ001281975/
レッドアイ,495,居酒屋・和食,海鮮×寿司×食べ放題　魚屋テツ子。梅田店,大阪府大阪市北区堂山町10-1SKビル1F,050-5831-0544,,,https://www.hotpepper.jp/strJ001281975/
キリン零一,528,居酒屋・和食,海鮮×寿司×食べ放題　魚屋テツ子。梅田店,大阪府大阪市北区堂山町10-1SKビル1F,050-5831-0544,,,https://www.hotpepper.jp/strJ001281975/
樽生スパークリング,495,居酒屋・和食,海鮮×寿司×食べ放題　魚屋テツ子。梅田店,大阪府大阪市北区堂山町10-1SKビル1F,050-5831-0544,,,https://www.hotpepper.jp/strJ001281975/
ふつうのハイボール,385,居酒屋・和食,海鮮×寿司×食べ放題　魚屋テツ子。梅田店,大阪府大阪市北区堂山町10-1SKビル1F,050-5831-0544,,,https://www.hotpepper.jp/strJ001281975/
コークハイ,429,居酒屋・和食,海鮮×寿司×食べ放題　魚屋テツ子。梅田店,大阪府大阪市北区堂山町10-1SKビル1F,050-5831-0544,,,https://www.hotpepper.jp/strJ001281975/
ジンジャーハイ,429,居酒屋・和食,海鮮×寿司×食べ放題　魚屋テツ子。梅田店,大阪府大阪市北区堂山町10-1SKビル1F,050-5831-0544,,,https://www.hotpepper.jp/strJ001281975/
ライムハイボール,429,居酒屋・和食,海鮮×寿司×食べ放題　魚屋テツ子。梅田店,大阪府大阪市北区堂山町10-1SKビル1F,050-5831-0544,,,https://www.hotpepper.jp/strJ001281975/
柚子ハイボール,429,居酒屋・和食,海鮮×寿司×食べ放題　魚屋テツ子。梅田店,大阪府大阪市北区堂山町10-1SKビル1F,050-5831-0544,,,https://www.hotpepper.jp/strJ001281975/
ピーチハイボール,440,居酒屋・和食,海鮮×寿司×食べ放題　魚屋テツ子。梅田店,大阪府大阪市北区堂山町10-1SKビル1F,050-5831-0544,,,https://www.hotpepper.jp/strJ001281975/
カルピスハイボール,440,居酒屋・和食,海鮮×寿司×食べ放題　魚屋テツ子。梅田店,大阪府大阪市北区堂山町10-1SKビル1F,050-5831-0544,,,https://www.hotpepper.jp/strJ001281975/
紅茶ハイボール,462,居酒屋・和食,海鮮×寿司×食べ放題　魚屋テツ子。梅田店,大阪府大阪市北区堂山町10-1SKビル1F,050-5831-0544,,,https://www.hotpepper.jp/strJ001281975/
ラムネハイボール,462,居酒屋・和食,海鮮×寿司×食べ放題　魚屋テツ子。梅田店,大阪府大阪市北区堂山町10-1SKビル1F,050-5831-0544,,,https://www.hotpepper.jp/strJ001281975/
パイボール,462,居酒屋・和食,海鮮×寿司×食べ放題　魚屋テツ子。梅田店,大阪府大阪市北区堂山町10-1SKビル1F,050-5831-0544,,,https://www.hotpepper.jp/strJ001281975/
山椒ハイボール,495,居酒屋・和食,海鮮×寿司×食べ放題　魚屋テツ子。梅田店,大阪府大阪市北区堂山町10-1SKビル1F,050-5831-0544,,,https://www.hotpepper.jp/strJ001281975/
塩レモンハイボール,495,居酒屋・和食,海鮮×寿司×食べ放題　魚屋テツ子。梅田店,大阪府大阪市北区堂山町10-1SKビル1F,050-5831-0544,,,https://www.hotpepper.jp/strJ001281975/
トマトハイボール,495,居酒屋・和食,海鮮×寿司×食べ放題　魚屋テツ子。梅田店,大阪府大阪市北区堂山町10-1SKビル1F,050-5831-0544,,,https://www.hotpepper.jp/strJ001281975/
すっぱいボール,495,居酒屋・和食,海鮮×寿司×食べ放題　魚屋テツ子。梅田店,大阪府大阪市北区堂山町10-1SKビル1F,050-5831-0544,,,https://www.hotpepper.jp/strJ001281975/
ガリハイ,495,居酒屋・和食,海鮮×寿司×食べ放題　魚屋テツ子。梅田店,大阪府大阪市北区堂山町10-1SKビル1F,050-5831-0544,,,https://www.hotpepper.jp/strJ001281975/
プレーン,363,居酒屋・和食,海鮮×寿司×食べ放題　魚屋テツ子。梅田店,大阪府大阪市北区堂山町10-1SKビル1F,050-5831-0544,,,https://www.hotpepper.jp/strJ001281975/
レモン,396,居酒屋・和食,海鮮×寿司×食べ放題　魚屋テツ子。梅田店,大阪府大阪市北区堂山町10-1SKビル1F,050-5831-0544,,,https://www.hotpepper.jp/strJ001281975/
ライム,396,居酒屋・和食,海鮮×寿司×食べ放題　魚屋テツ子。梅田店,大阪府大阪市北区堂山町10-1SKビル1F,050-5831-0544,,,https://www.hotpepper.jp/strJ001281975/
カルピス,396,居酒屋・和食,海鮮×寿司×食べ放題　魚屋テツ子。梅田店,大阪府大阪市北区堂山町10-1SKビル1F,050-5831-0544,,,https://www.hotpepper.jp/strJ001281975/
トマト,429,居酒屋・和食,海鮮×寿司×食べ放題　魚屋テツ子。梅田店,大阪府大阪市北区堂山町10-1SKビル1F,050-5831-0544,,,https://www.hotpepper.jp/strJ001281975/
柚子,429,居酒屋・和食,海鮮×寿司×食べ放題　魚屋テツ子。梅田店,大阪府大阪市北区堂山町10-1SKビル1F,050-5831-0544,,,https://www.hotpepper.jp/strJ001281975/
ピーチ,429,居酒屋・和食,海鮮×寿司×食べ放題　魚屋テツ子。梅田店,大阪府大阪市北区堂山町10-1SKビル1F,050-5831-0544,,,https://www.hotpepper.jp/strJ001281975/
紅茶,429,居酒屋・和食,海鮮×寿司×食べ放題　魚屋テツ子。梅田店,大阪府大阪市北区堂山町10-1SKビル1F,050-5831-0544,,,https://www.hotpepper.jp/strJ001281975/
ラムネ,429,居酒屋・和食,海鮮×寿司×食べ放題　魚屋テツ子。梅田店,大阪府大阪市北区堂山町10-1SKビル1F,050-5831-0544,,,https://www.hotpepper.jp/strJ001281975/
パイン,429,居酒屋・和食,海鮮×寿司×食べ放題　魚屋テツ子。梅田店,大阪府大阪市北区堂山町10-1SKビル1F,050-5831-0544,,,https://www.hotpepper.jp/strJ001281975/
イチゴ,429,居酒屋・和食,海鮮×寿司×食べ放題　魚屋テツ子。梅田店,大阪府大阪市北区堂山町10-1SKビル1F,050-5831-0544,,,https://www.hotpepper.jp/strJ001281975/
塩レモンサワー,495,居酒屋・和食,海鮮×寿司×食べ放題　魚屋テツ子。梅田店,大阪府大阪市北区堂山町10-1SKビル1F,050-5831-0544,,,https://www.hotpepper.jp/strJ001281975/
ガリサワー,495,居酒屋・和食,海鮮×寿司×食べ放題　魚屋テツ子。梅田店,大阪府大阪市北区堂山町10-1SKビル1F,050-5831-0544,,,https://www.hotpepper.jp/strJ001281975/
まるごとトマトサワー,495,居酒屋・和食,海鮮×寿司×食べ放題　魚屋テツ子。梅田店,大阪府大阪市北区堂山町10-1SKビル1F,050-5831-0544,,,https://www.hotpepper.jp/strJ001281975/
梅干しサワー,495,居酒屋・和食,海鮮×寿司×食べ放題　魚屋テツ子。梅田店,大阪府大阪市北区堂山町10-1SKビル1F,050-5831-0544,,,https://www.hotpepper.jp/strJ001281975/
塩昆布サワー,495,居酒屋・和食,海鮮×寿司×食べ放題　魚屋テツ子。梅田店,大阪府大阪市北区堂山町10-1SKビル1F,050-5831-0544,,,https://www.hotpepper.jp/strJ001281975/
凍結白桃サワー,539,居酒屋・和食,海鮮×寿司×食べ放題　魚屋テツ子。梅田店,大阪府大阪市北区堂山町10-1SKビル1F,050-5831-0544,,,https://www.hotpepper.jp/strJ001281975/
凍結マンゴーサワー,539,居酒屋・和食,海鮮×寿司×食べ放題　魚屋テツ子。梅田店,大阪府大阪市北区堂山町10-1SKビル1F,050-5831-0544,,,https://www.hotpepper.jp/strJ001281975/
完熟パインサワー,539,居酒屋・和食,海鮮×寿司×食べ放題　魚屋テツ子。梅田店,大阪府大阪市北区堂山町10-1SKビル1F,050-5831-0544,,,https://www.hotpepper.jp/strJ001281975/
果肉たっぷりキウイサワー,539,居酒屋・和食,海鮮×寿司×食べ放題　魚屋テツ子。梅田店,大阪府大阪市北区堂山町10-1SKビル1F,050-5831-0544,,,https://www.hotpepper.jp/strJ001281975/
ゴロゴロレモンサワー,539,居酒屋・和食,海鮮×寿司×食べ放題　魚屋テツ子。梅田店,大阪府大阪市北区堂山町10-1SKビル1F,050-5831-0544,,,https://www.hotpepper.jp/strJ001281975/
まるごとイチゴサワー,539,居酒屋・和食,海鮮×寿司×食べ放題　魚屋テツ子。梅田店,大阪府大阪市北区堂山町10-1SKビル1F,050-5831-0544,,,https://www.hotpepper.jp/strJ001281975/
特選緑茶ハイ,495,居酒屋・和食,海鮮×寿司×食べ放題　魚屋テツ子。梅田店,大阪府大阪市北区堂山町10-1SKビル1F,050-5831-0544,,,https://www.hotpepper.jp/strJ001281975/
ジャスミンハイ,495,居酒屋・和食,海鮮×寿司×食べ放題　魚屋テツ子。梅田店,大阪府大阪市北区堂山町10-1SKビル1F,050-5831-0544,,,https://www.hotpepper.jp/strJ001281975/
ウーロンハイ,495,居酒屋・和食,海鮮×寿司×食べ放題　魚屋テツ子。梅田店,大阪府大阪市北区堂山町10-1SKビル1F,050-5831-0544,,,https://www.hotpepper.jp/strJ001281975/
コーン茶ハイ,495,居酒屋・和食,海鮮×寿司×食べ放題　魚屋テツ子。梅田店,大阪府大阪市北区堂山町10-1SKビル1F,050-5831-0544,,,https://www.hotpepper.jp/strJ001281975/
ハウスワイン(赤・白)　各,440,居酒屋・和食,海鮮×寿司×食べ放題　魚屋テツ子。梅田店,大阪府大阪市北区堂山町10-1SKビル1F,050-5831-0544,,,https://www.hotpepper.jp/strJ001281975/
サングリア(赤・白)　各,528,居酒屋・和食,海鮮×寿司×食べ放題　魚屋テツ子。梅田店,大阪府大阪市北区堂山町10-1SKビル1F,050-5831-0544,,,https://www.hotpepper.jp/strJ001281975/
黒霧島(芋),429,居酒屋・和食,海鮮×寿司×食べ放題　魚屋テツ子。梅田店,大阪府大阪市北区堂山町10-1SKビル1F,050-5831-0544,,,https://www.hotpepper.jp/strJ001281975/
二階堂(麦),429,居酒屋・和食,海鮮×寿司×食べ放題　魚屋テツ子。梅田店,大阪府大阪市北区堂山町10-1SKビル1F,050-5831-0544,,,https://www.hotpepper.jp/strJ001281975/
鍛高譚(紫蘇),440,居酒屋・和食,海鮮×寿司×食べ放題　魚屋テツ子。梅田店,大阪府大阪市北区堂山町10-1SKビル1F,050-5831-0544,,,https://www.hotpepper.jp/strJ001281975/
白鶴(冷・熱燗)　各,440,居酒屋・和食,海鮮×寿司×食べ放題　魚屋テツ子。梅田店,大阪府大阪市北区堂山町10-1SKビル1F,050-5831-0544,,,https://www.hotpepper.jp/strJ001281975/
梅酒,440,居酒屋・和食,海鮮×寿司×食べ放題　魚屋テツ子。梅田店,大阪府大阪市北区堂山町10-1SKビル1F,050-5831-0544,,,https://www.hotpepper.jp/strJ001281975/
ウーロン茶,308,居酒屋・和食,海鮮×寿司×食べ放題　魚屋テツ子。梅田店,大阪府大阪市北区堂山町10-1SKビル1F,050-5831-0544,,,https://www.hotpepper.jp/strJ001281975/
コカ・コーラ,330,居酒屋・和食,海鮮×寿司×食べ放題　魚屋テツ子。梅田店,大阪府大阪市北区堂山町10-1SKビル1F,050-5831-0544,,,https://www.hotpepper.jp/strJ001281975/
ジンジャーエール,330,居酒屋・和食,海鮮×寿司×食べ放題　魚屋テツ子。梅田店,大阪府大阪市北区堂山町10-1SKビル1F,050-5831-0544,,,https://www.hotpepper.jp/strJ001281975/
カルピス,330,居酒屋・和食,海鮮×寿司×食べ放題　魚屋テツ子。梅田店,大阪府大阪市北区堂山町10-1SKビル1F,050-5831-0544,,,https://www.hotpepper.jp/strJ001281975/
トマトジュース,385,居酒屋・和食,海鮮×寿司×食べ放題　魚屋テツ子。梅田店,大阪府大阪市北区堂山町10-1SKビル1F,050-5831-0544,,,https://www.hotpepper.jp/strJ001281975/
まるごとノンアルコール ソーダ,902,居酒屋・和食,焼き鳥と鶏鍋　野乃鳥　梅味堂　ののとり　うめみどう,大阪府大阪市北区中崎西３－３－１５JR高架下３４号,050-5265-5021,,,https://www.hotpepper.jp/strJ000022999/
翠ジン サワー,429,居酒屋・和食,焼き鳥と鶏鍋　野乃鳥　梅味堂　ののとり　うめみどう,大阪府大阪市北区中崎西３－３－１５JR高架下３４号,050-5265-5021,,,https://www.hotpepper.jp/strJ000022999/
翠ジン サワー 各種,495,居酒屋・和食,焼き鳥と鶏鍋　野乃鳥　梅味堂　ののとり　うめみどう,大阪府大阪市北区中崎西３－３－１５JR高架下３４号,050-5265-5021,,,https://www.hotpepper.jp/strJ000022999/
翠ジンカクテル 各種,539,居酒屋・和食,焼き鳥と鶏鍋　野乃鳥　梅味堂　ののとり　うめみどう,大阪府大阪市北区中崎西３－３－１５JR高架下３４号,050-5265-5021,,,https://www.hotpepper.jp/strJ000022999/
ザ・プレミアム・モルツ(中瓶),649,居酒屋・和食,焼き鳥と鶏鍋　野乃鳥　梅味堂　ののとり　うめみどう,大阪府大阪市北区中崎西３－３－１５JR高架下３４号,050-5265-5021,,,https://www.hotpepper.jp/strJ000022999/
OSAKA BAY BLUES,990,居酒屋・和食,焼き鳥と鶏鍋　野乃鳥　梅味堂　ののとり　うめみどう,大阪府大阪市北区中崎西３－３－１５JR高架下３４号,050-5265-5021,,,https://www.hotpepper.jp/strJ000022999/
オールフリー(ALL FREE),495,居酒屋・和食,焼き鳥と鶏鍋　野乃鳥　梅味堂　ののとり　うめみどう,大阪府大阪市北区中崎西３－３－１５JR高架下３４号,050-5265-5021,,,https://www.hotpepper.jp/strJ000022999/
角 ハイボール,495,居酒屋・和食,焼き鳥と鶏鍋　野乃鳥　梅味堂　ののとり　うめみどう,大阪府大阪市北区中崎西３－３－１５JR高架下３４号,050-5265-5021,,,https://www.hotpepper.jp/strJ000022999/
角 ハイボール　濃いめ,539,居酒屋・和食,焼き鳥と鶏鍋　野乃鳥　梅味堂　ののとり　うめみどう,大阪府大阪市北区中崎西３－３－１５JR高架下３４号,050-5265-5021,,,https://www.hotpepper.jp/strJ000022999/
メーカーズ クラフトハイボール,649,居酒屋・和食,焼き鳥と鶏鍋　野乃鳥　梅味堂　ののとり　うめみどう,大阪府大阪市北区中崎西３－３－１５JR高架下３４号,050-5265-5021,,,https://www.hotpepper.jp/strJ000022999/
知多風香るハイボール,759,居酒屋・和食,焼き鳥と鶏鍋　野乃鳥　梅味堂　ののとり　うめみどう,大阪府大阪市北区中崎西３－３－１５JR高架下３４号,050-5265-5021,,,https://www.hotpepper.jp/strJ000022999/
山崎プレミアムハイボール / 白州森香るハイボール,869,居酒屋・和食,焼き鳥と鶏鍋　野乃鳥　梅味堂　ののとり　うめみどう,大阪府大阪市北区中崎西３－３－１５JR高架下３４号,050-5265-5021,,,https://www.hotpepper.jp/strJ000022999/
カシス/ピーチ/シャンディーガフ/レッドアイ,539,居酒屋・和食,焼き鳥と鶏鍋　野乃鳥　梅味堂　ののとり　うめみどう,大阪府大阪市北区中崎西３－３－１５JR高架下３４号,050-5265-5021,,,https://www.hotpepper.jp/strJ000022999/
【麦】深薫,539,居酒屋・和食,焼き鳥と鶏鍋　野乃鳥　梅味堂　ののとり　うめみどう,大阪府大阪市北区中崎西３－３－１５JR高架下３４号,050-5265-5021,,,https://www.hotpepper.jp/strJ000022999/
【芋】黒霧島,539,居酒屋・和食,焼き鳥と鶏鍋　野乃鳥　梅味堂　ののとり　うめみどう,大阪府大阪市北区中崎西３－３－１５JR高架下３４号,050-5265-5021,,,https://www.hotpepper.jp/strJ000022999/
紀州南高梅酒,539,居酒屋・和食,焼き鳥と鶏鍋　野乃鳥　梅味堂　ののとり　うめみどう,大阪府大阪市北区中崎西３－３－１５JR高架下３４号,050-5265-5021,,,https://www.hotpepper.jp/strJ000022999/
あらごしみかん ・あらごしもも,638,居酒屋・和食,焼き鳥と鶏鍋　野乃鳥　梅味堂　ののとり　うめみどう,大阪府大阪市北区中崎西３－３－１５JR高架下３４号,050-5265-5021,,,https://www.hotpepper.jp/strJ000022999/
ソフトドリンク各種,363,居酒屋・和食,焼き鳥と鶏鍋　野乃鳥　梅味堂　ののとり　うめみどう,大阪府大阪市北区中崎西３－３－１５JR高架下３４号,050-5265-5021,,,https://www.hotpepper.jp/strJ000022999/
挽きたて珈琲,363,居酒屋・和食,焼き鳥と鶏鍋　野乃鳥　梅味堂　ののとり　うめみどう,大阪府大阪市北区中崎西３－３－１５JR高架下３４号,050-5265-5021,,,https://www.hotpepper.jp/strJ000022999/
ノンアルコールスパークリング,429,居酒屋・和食,焼き鳥と鶏鍋　野乃鳥　梅味堂　ののとり　うめみどう,大阪府大阪市北区中崎西３－３－１５JR高架下３４号,050-5265-5021,,,https://www.hotpepper.jp/strJ000022999/
まるで梅酒なノンアルコール,429,居酒屋・和食,焼き鳥と鶏鍋　野乃鳥　梅味堂　ののとり　うめみどう,大阪府大阪市北区中崎西３－３－１５JR高架下３４号,050-5265-5021,,,https://www.hotpepper.jp/strJ000022999/
オールフリー(ALL FREE),495,居酒屋・和食,焼き鳥と鶏鍋　野乃鳥　梅味堂　ののとり　うめみどう,大阪府大阪市北区中崎西３－３－１５JR高架下３４号,050-5265-5021,,,https://www.hotpepper.jp/strJ000022999/
生スパークリング　プロドライ,539,居酒屋・和食,焼き鳥と鶏鍋　野乃鳥　梅味堂　ののとり　うめみどう,大阪府大阪市北区中崎西３－３－１５JR高架下３４号,050-5265-5021,,,https://www.hotpepper.jp/strJ000022999/
生スパークリング（ロゼ）　レガンディーノ　ブリュット,539,居酒屋・和食,焼き鳥と鶏鍋　野乃鳥　梅味堂　ののとり　うめみどう,大阪府大阪市北区中崎西３－３－１５JR高架下３４号,050-5265-5021,,,https://www.hotpepper.jp/strJ000022999/
ジラモンド,3289,居酒屋・和食,焼き鳥と鶏鍋　野乃鳥　梅味堂　ののとり　うめみどう,大阪府大阪市北区中崎西３－３－１５JR高架下３４号,050-5265-5021,,,https://www.hotpepper.jp/strJ000022999/
シャトー勝沼　甲州スパークリング,4048,居酒屋・和食,焼き鳥と鶏鍋　野乃鳥　梅味堂　ののとり　うめみどう,大阪府大阪市北区中崎西３－３－１５JR高架下３４号,050-5265-5021,,,https://www.hotpepper.jp/strJ000022999/
ポワルヴェール　ジャック,7689,居酒屋・和食,焼き鳥と鶏鍋　野乃鳥　梅味堂　ののとり　うめみどう,大阪府大阪市北区中崎西３－３－１５JR高架下３４号,050-5265-5021,,,https://www.hotpepper.jp/strJ000022999/
ボゼールブリュット・プルミエール,14520,居酒屋・和食,焼き鳥と鶏鍋　野乃鳥　梅味堂　ののとり　うめみどう,大阪府大阪市北区中崎西３－３－１５JR高架下３４号,050-5265-5021,,,https://www.hotpepper.jp/strJ000022999/
ヒドゥン・パール シラーズ カベルネ メルロー,539,居酒屋・和食,焼き鳥と鶏鍋　野乃鳥　梅味堂　ののとり　うめみどう,大阪府大阪市北区中崎西３－３－１５JR高架下３４号,050-5265-5021,,,https://www.hotpepper.jp/strJ000022999/
ダークホース　ピノノワール,3949,居酒屋・和食,焼き鳥と鶏鍋　野乃鳥　梅味堂　ののとり　うめみどう,大阪府大阪市北区中崎西３－３－１５JR高架下３４号,050-5265-5021,,,https://www.hotpepper.jp/strJ000022999/
ハロンフィリップムートンカデ,4840,居酒屋・和食,焼き鳥と鶏鍋　野乃鳥　梅味堂　ののとり　うめみどう,大阪府大阪市北区中崎西３－３－１５JR高架下３４号,050-5265-5021,,,https://www.hotpepper.jp/strJ000022999/
メリーニ ラ セルヴァラ キャンティ クラシコ リゼルヴァ,6589,居酒屋・和食,焼き鳥と鶏鍋　野乃鳥　梅味堂　ののとり　うめみどう,大阪府大阪市北区中崎西３－３－１５JR高架下３４号,050-5265-5021,,,https://www.hotpepper.jp/strJ000022999/
トラピチェ　アスティカ　シャルドネ,539,居酒屋・和食,焼き鳥と鶏鍋　野乃鳥　梅味堂　ののとり　うめみどう,大阪府大阪市北区中崎西３－３－１５JR高架下３４号,050-5265-5021,,,https://www.hotpepper.jp/strJ000022999/
トスカーナ　ビアンコ　サン　ルチアーノ,605,居酒屋・和食,焼き鳥と鶏鍋　野乃鳥　梅味堂　ののとり　うめみどう,大阪府大阪市北区中崎西３－３－１５JR高架下３４号,050-5265-5021,,,https://www.hotpepper.jp/strJ000022999/
カサ ベナサル ゲヴュルツトラミネール モスカテ,3949,居酒屋・和食,焼き鳥と鶏鍋　野乃鳥　梅味堂　ののとり　うめみどう,大阪府大阪市北区中崎西３－３－１５JR高架下３４号,050-5265-5021,,,https://www.hotpepper.jp/strJ000022999/
ダッシュウッド マールボロ ソービニヨンブラン,4840,居酒屋・和食,焼き鳥と鶏鍋　野乃鳥　梅味堂　ののとり　うめみどう,大阪府大阪市北区中崎西３－３－１５JR高架下３４号,050-5265-5021,,,https://www.hotpepper.jp/strJ000022999/
シャブリ　ラ　ピエレレ,6589,居酒屋・和食,焼き鳥と鶏鍋　野乃鳥　梅味堂　ののとり　うめみどう,大阪府大阪市北区中崎西３－３－１５JR高架下３４号,050-5265-5021,,,https://www.hotpepper.jp/strJ000022999/
龍力 ドラゴン エピソードIII,539,居酒屋・和食,焼き鳥と鶏鍋　野乃鳥　梅味堂　ののとり　うめみどう,大阪府大阪市北区中崎西３－３－１５JR高架下３４号,050-5265-5021,,,https://www.hotpepper.jp/strJ000022999/
春霞,539,居酒屋・和食,焼き鳥と鶏鍋　野乃鳥　梅味堂　ののとり　うめみどう,大阪府大阪市北区中崎西３－３－１５JR高架下３４号,050-5265-5021,,,https://www.hotpepper.jp/strJ000022999/
東洋美人,539,居酒屋・和食,焼き鳥と鶏鍋　野乃鳥　梅味堂　ののとり　うめみどう,大阪府大阪市北区中崎西３－３－１５JR高架下３４号,050-5265-5021,,,https://www.hotpepper.jp/strJ000022999/
開運 吟醸,539,居酒屋・和食,焼き鳥と鶏鍋　野乃鳥　梅味堂　ののとり　うめみどう,大阪府大阪市北区中崎西３－３－１５JR高架下３４号,050-5265-5021,,,https://www.hotpepper.jp/strJ000022999/
加茂金秀　特別純米13,605,居酒屋・和食,焼き鳥と鶏鍋　野乃鳥　梅味堂　ののとり　うめみどう,大阪府大阪市北区中崎西３－３－１５JR高架下３４号,050-5265-5021,,,https://www.hotpepper.jp/strJ000022999/
六十餘洲,605,居酒屋・和食,焼き鳥と鶏鍋　野乃鳥　梅味堂　ののとり　うめみどう,大阪府大阪市北区中崎西３－３－１５JR高架下３４号,050-5265-5021,,,https://www.hotpepper.jp/strJ000022999/
竹泉 槽口直詰　生酒,605,居酒屋・和食,焼き鳥と鶏鍋　野乃鳥　梅味堂　ののとり　うめみどう,大阪府大阪市北区中崎西３－３－１５JR高架下３４号,050-5265-5021,,,https://www.hotpepper.jp/strJ000022999/
生ビール（小）,451,居酒屋・和食,個室×串カツ×食べ放題 日本一の串かつ横綱 梅田堂山店,大阪府大阪市北区小松原町5-11MDビル,050-5841-8517,,,https://www.hotpepper.jp/strJ001010865/
生ビール（中）,528,居酒屋・和食,個室×串カツ×食べ放題 日本一の串かつ横綱 梅田堂山店,大阪府大阪市北区小松原町5-11MDビル,050-5841-8517,,,https://www.hotpepper.jp/strJ001010865/
生ビール（横綱）,1098,居酒屋・和食,個室×串カツ×食べ放題 日本一の串かつ横綱 梅田堂山店,大阪府大阪市北区小松原町5-11MDビル,050-5841-8517,,,https://www.hotpepper.jp/strJ001010865/
プレミアムモルツ（中瓶）,748,居酒屋・和食,個室×串カツ×食べ放題 日本一の串かつ横綱 梅田堂山店,大阪府大阪市北区小松原町5-11MDビル,050-5841-8517,,,https://www.hotpepper.jp/strJ001010865/
スーパードライ（中瓶）,715,居酒屋・和食,個室×串カツ×食べ放題 日本一の串かつ横綱 梅田堂山店,大阪府大阪市北区小松原町5-11MDビル,050-5841-8517,,,https://www.hotpepper.jp/strJ001010865/
ノンアルコール　オールフリー,517,居酒屋・和食,個室×串カツ×食べ放題 日本一の串かつ横綱 梅田堂山店,大阪府大阪市北区小松原町5-11MDビル,050-5841-8517,,,https://www.hotpepper.jp/strJ001010865/
シャンディガフ,528,居酒屋・和食,個室×串カツ×食べ放題 日本一の串かつ横綱 梅田堂山店,大阪府大阪市北区小松原町5-11MDビル,050-5841-8517,,,https://www.hotpepper.jp/strJ001010865/
レッドアイ,528,居酒屋・和食,個室×串カツ×食べ放題 日本一の串かつ横綱 梅田堂山店,大阪府大阪市北区小松原町5-11MDビル,050-5841-8517,,,https://www.hotpepper.jp/strJ001010865/
プレーン,462,居酒屋・和食,個室×串カツ×食べ放題 日本一の串かつ横綱 梅田堂山店,大阪府大阪市北区小松原町5-11MDビル,050-5841-8517,,,https://www.hotpepper.jp/strJ001010865/
レモン/ライム/巨峰/青リンゴ/桃/グレープフルーツ/梅/ゆず/トマト,495,居酒屋・和食,個室×串カツ×食べ放題 日本一の串かつ横綱 梅田堂山店,大阪府大阪市北区小松原町5-11MDビル,050-5841-8517,,,https://www.hotpepper.jp/strJ001010865/
トリスハイボール,418,居酒屋・和食,個室×串カツ×食べ放題 日本一の串かつ横綱 梅田堂山店,大阪府大阪市北区小松原町5-11MDビル,050-5841-8517,,,https://www.hotpepper.jp/strJ001010865/
ジンジャー/コーク/レモン/ライム/グレープフルーツ/巨峰/青りんご/桃/梅/柚子/リアルゴールド,451,居酒屋・和食,個室×串カツ×食べ放題 日本一の串かつ横綱 梅田堂山店,大阪府大阪市北区小松原町5-11MDビル,050-5841-8517,,,https://www.hotpepper.jp/strJ001010865/
角ハイボール,506,居酒屋・和食,個室×串カツ×食べ放題 日本一の串かつ横綱 梅田堂山店,大阪府大阪市北区小松原町5-11MDビル,050-5841-8517,,,https://www.hotpepper.jp/strJ001010865/
ジンジャー/コーク/レモン/ライム/グレープフルーツ/巨峰/青りんご/桃/梅/柚子/リアルゴールド,539,居酒屋・和食,個室×串カツ×食べ放題 日本一の串かつ横綱 梅田堂山店,大阪府大阪市北区小松原町5-11MDビル,050-5841-8517,,,https://www.hotpepper.jp/strJ001010865/
【芋】茂助/一刻者,528～,居酒屋・和食,個室×串カツ×食べ放題 日本一の串かつ横綱 梅田堂山店,大阪府大阪市北区小松原町5-11MDビル,050-5841-8517,,,https://www.hotpepper.jp/strJ001010865/
【麦】嬉助/二階堂,462～,居酒屋・和食,個室×串カツ×食べ放題 日本一の串かつ横綱 梅田堂山店,大阪府大阪市北区小松原町5-11MDビル,050-5841-8517,,,https://www.hotpepper.jp/strJ001010865/
【紫蘇】鍛高譚,495,居酒屋・和食,個室×串カツ×食べ放題 日本一の串かつ横綱 梅田堂山店,大阪府大阪市北区小松原町5-11MDビル,050-5841-8517,,,https://www.hotpepper.jp/strJ001010865/
【泡盛】残波,528,居酒屋・和食,個室×串カツ×食べ放題 日本一の串かつ横綱 梅田堂山店,大阪府大阪市北区小松原町5-11MDビル,050-5841-8517,,,https://www.hotpepper.jp/strJ001010865/
辛口豪快（冷・燗）　小,495,居酒屋・和食,個室×串カツ×食べ放題 日本一の串かつ横綱 梅田堂山店,大阪府大阪市北区小松原町5-11MDビル,050-5841-8517,,,https://www.hotpepper.jp/strJ001010865/
辛口豪快（冷・燗）　大,1045,居酒屋・和食,個室×串カツ×食べ放題 日本一の串かつ横綱 梅田堂山店,大阪府大阪市北区小松原町5-11MDビル,050-5841-8517,,,https://www.hotpepper.jp/strJ001010865/
すだち冷酒（グラス）,473,居酒屋・和食,個室×串カツ×食べ放題 日本一の串かつ横綱 梅田堂山店,大阪府大阪市北区小松原町5-11MDビル,050-5841-8517,,,https://www.hotpepper.jp/strJ001010865/
【カシス】,528,居酒屋・和食,個室×串カツ×食べ放題 日本一の串かつ横綱 梅田堂山店,大阪府大阪市北区小松原町5-11MDビル,050-5841-8517,,,https://www.hotpepper.jp/strJ001010865/
【ピーチ】,528,居酒屋・和食,個室×串カツ×食べ放題 日本一の串かつ横綱 梅田堂山店,大阪府大阪市北区小松原町5-11MDビル,050-5841-8517,,,https://www.hotpepper.jp/strJ001010865/
ウォッカ,528,居酒屋・和食,個室×串カツ×食べ放題 日本一の串かつ横綱 梅田堂山店,大阪府大阪市北区小松原町5-11MDビル,050-5841-8517,,,https://www.hotpepper.jp/strJ001010865/
モスコミュール/スクリュードライバー,528,居酒屋・和食,個室×串カツ×食べ放題 日本一の串かつ横綱 梅田堂山店,大阪府大阪市北区小松原町5-11MDビル,050-5841-8517,,,https://www.hotpepper.jp/strJ001010865/
カクテル　横綱サイズ,1045,居酒屋・和食,個室×串カツ×食べ放題 日本一の串かつ横綱 梅田堂山店,大阪府大阪市北区小松原町5-11MDビル,050-5841-8517,,,https://www.hotpepper.jp/strJ001010865/
ホッピーセット（白・黒）,528,居酒屋・和食,個室×串カツ×食べ放題 日本一の串かつ横綱 梅田堂山店,大阪府大阪市北区小松原町5-11MDビル,050-5841-8517,,,https://www.hotpepper.jp/strJ001010865/
外　ホッピー330ブラック,495,居酒屋・和食,個室×串カツ×食べ放題 日本一の串かつ横綱 梅田堂山店,大阪府大阪市北区小松原町5-11MDビル,050-5841-8517,,,https://www.hotpepper.jp/strJ001010865/
中　焼酎、ウォッカ、ジン、ハイボール,330,居酒屋・和食,個室×串カツ×食べ放題 日本一の串かつ横綱 梅田堂山店,大阪府大阪市北区小松原町5-11MDビル,050-5841-8517,,,https://www.hotpepper.jp/strJ001010865/
各種,528,居酒屋・和食,個室×串カツ×食べ放題 日本一の串かつ横綱 梅田堂山店,大阪府大阪市北区小松原町5-11MDビル,050-5841-8517,,,https://www.hotpepper.jp/strJ001010865/
あじわい梅酒,440,居酒屋・和食,個室×串カツ×食べ放題 日本一の串かつ横綱 梅田堂山店,大阪府大阪市北区小松原町5-11MDビル,050-5841-8517,,,https://www.hotpepper.jp/strJ001010865/
柚子梅酒,462,居酒屋・和食,個室×串カツ×食べ放題 日本一の串かつ横綱 梅田堂山店,大阪府大阪市北区小松原町5-11MDビル,050-5841-8517,,,https://www.hotpepper.jp/strJ001010865/
マンゴー酒/パイン酒/マスカット酒,462,居酒屋・和食,個室×串カツ×食べ放題 日本一の串かつ横綱 梅田堂山店,大阪府大阪市北区小松原町5-11MDビル,050-5841-8517,,,https://www.hotpepper.jp/strJ001010865/
グラスワイン（赤・白）,660,居酒屋・和食,個室×串カツ×食べ放題 日本一の串かつ横綱 梅田堂山店,大阪府大阪市北区小松原町5-11MDビル,050-5841-8517,,,https://www.hotpepper.jp/strJ001010865/
サングリア（赤・白）,693,居酒屋・和食,個室×串カツ×食べ放題 日本一の串かつ横綱 梅田堂山店,大阪府大阪市北区小松原町5-11MDビル,050-5841-8517,,,https://www.hotpepper.jp/strJ001010865/
赤玉パンチ,495,居酒屋・和食,個室×串カツ×食べ放題 日本一の串かつ横綱 梅田堂山店,大阪府大阪市北区小松原町5-11MDビル,050-5841-8517,,,https://www.hotpepper.jp/strJ001010865/
キール,660,居酒屋・和食,個室×串カツ×食べ放題 日本一の串かつ横綱 梅田堂山店,大阪府大阪市北区小松原町5-11MDビル,050-5841-8517,,,https://www.hotpepper.jp/strJ001010865/
オペレーター,660,居酒屋・和食,個室×串カツ×食べ放題 日本一の串かつ横綱 梅田堂山店,大阪府大阪市北区小松原町5-11MDビル,050-5841-8517,,,https://www.hotpepper.jp/strJ001010865/
スプリッツァー,660,居酒屋・和食,個室×串カツ×食べ放題 日本一の串かつ横綱 梅田堂山店,大阪府大阪市北区小松原町5-11MDビル,050-5841-8517,,,https://www.hotpepper.jp/strJ001010865/
キティ,660,居酒屋・和食,個室×串カツ×食べ放題 日本一の串かつ横綱 梅田堂山店,大阪府大阪市北区小松原町5-11MDビル,050-5841-8517,,,https://www.hotpepper.jp/strJ001010865/
カリモーチョ,660,居酒屋・和食,個室×串カツ×食べ放題 日本一の串かつ横綱 梅田堂山店,大阪府大阪市北区小松原町5-11MDビル,050-5841-8517,,,https://www.hotpepper.jp/strJ001010865/
黒ウーロン茶/コカ・コーラ/ジンジャーエール/メロンソーダ,330,居酒屋・和食,個室×串カツ×食べ放題 日本一の串かつ横綱 梅田堂山店,大阪府大阪市北区小松原町5-11MDビル,050-5841-8517,,,https://www.hotpepper.jp/strJ001010865/
100％パインジュース/100％オレンジジュース/100％アップルジュース,330,居酒屋・和食,個室×串カツ×食べ放題 日本一の串かつ横綱 梅田堂山店,大阪府大阪市北区小松原町5-11MDビル,050-5841-8517,,,https://www.hotpepper.jp/strJ001010865/
カルピス/カルピスソーダ/緑茶/トマトジュース,330,居酒屋・和食,個室×串カツ×食べ放題 日本一の串かつ横綱 梅田堂山店,大阪府大阪市北区小松原町5-11MDビル,050-5841-8517,,,https://www.hotpepper.jp/strJ001010865/
こどもビール/ラムネ,418,居酒屋・和食,個室×串カツ×食べ放題 日本一の串かつ横綱 梅田堂山店,大阪府大阪市北区小松原町5-11MDビル,050-5841-8517,,,https://www.hotpepper.jp/strJ001010865/
メロンソーダフロート/コーラフロート,418,居酒屋・和食,個室×串カツ×食べ放題 日本一の串かつ横綱 梅田堂山店,大阪府大阪市北区小松原町5-11MDビル,050-5841-8517,,,https://www.hotpepper.jp/strJ001010865/
ミックスジュース,418,居酒屋・和食,個室×串カツ×食べ放題 日本一の串かつ横綱 梅田堂山店,大阪府大阪市北区小松原町5-11MDビル,050-5841-8517,,,https://www.hotpepper.jp/strJ001010865/
プレミアムモルツマスターズドリーム,935,和食・居酒屋,懐石　北瑞苑,大阪府大阪市北区曽根崎新地２－３－２１axビル3F,050-5816-6518,,,https://www.hotpepper.jp/strJ000012882/
プレミアムモルツマスターズドリーム,660,和食・居酒屋,懐石　北瑞苑,大阪府大阪市北区曽根崎新地２－３－２１axビル3F,050-5816-6518,,,https://www.hotpepper.jp/strJ000012882/
アサヒエクストラコールド,935,和食・居酒屋,懐石　北瑞苑,大阪府大阪市北区曽根崎新地２－３－２１axビル3F,050-5816-6518,,,https://www.hotpepper.jp/strJ000012882/
中瓶　（アサヒ・キリン・サッポロ）,990,和食・居酒屋,懐石　北瑞苑,大阪府大阪市北区曽根崎新地２－３－２１axビル3F,050-5816-6518,,,https://www.hotpepper.jp/strJ000012882/
中瓶　（エビス・プレミアムモルツ）,1045,和食・居酒屋,懐石　北瑞苑,大阪府大阪市北区曽根崎新地２－３－２１axビル3F,050-5816-6518,,,https://www.hotpepper.jp/strJ000012882/
ノンアルコールビール（キリンフリー・サントリーオールフリー）,770,和食・居酒屋,懐石　北瑞苑,大阪府大阪市北区曽根崎新地２－３－２１axビル3F,050-5816-6518,,,https://www.hotpepper.jp/strJ000012882/
響　ジャパニーズハーモニー,1540,和食・居酒屋,懐石　北瑞苑,大阪府大阪市北区曽根崎新地２－３－２１axビル3F,050-5816-6518,,,https://www.hotpepper.jp/strJ000012882/
竹鶴,1320,和食・居酒屋,懐石　北瑞苑,大阪府大阪市北区曽根崎新地２－３－２１axビル3F,050-5816-6518,,,https://www.hotpepper.jp/strJ000012882/
山崎12年,1980,和食・居酒屋,懐石　北瑞苑,大阪府大阪市北区曽根崎新地２－３－２１axビル3F,050-5816-6518,,,https://www.hotpepper.jp/strJ000012882/
酎ハイ（レモン）,770,和食・居酒屋,懐石　北瑞苑,大阪府大阪市北区曽根崎新地２－３－２１axビル3F,050-5816-6518,,,https://www.hotpepper.jp/strJ000012882/
梅酒　青谷の梅,770,和食・居酒屋,懐石　北瑞苑,大阪府大阪市北区曽根崎新地２－３－２１axビル3F,050-5816-6518,,,https://www.hotpepper.jp/strJ000012882/
りんごサワー／ブルーベリーサワー,770,和食・居酒屋,懐石　北瑞苑,大阪府大阪市北区曽根崎新地２－３－２１axビル3F,050-5816-6518,,,https://www.hotpepper.jp/strJ000012882/
カシスサワー／カシスオレンジ／カシスウーロン,770,和食・居酒屋,懐石　北瑞苑,大阪府大阪市北区曽根崎新地２－３－２１axビル3F,050-5816-6518,,,https://www.hotpepper.jp/strJ000012882/
【兵庫】中の坊,6050,和食・居酒屋,懐石　北瑞苑,大阪府大阪市北区曽根崎新地２－３－２１axビル3F,050-5816-6518,,,https://www.hotpepper.jp/strJ000012882/
【京都】まつもとうるとら,7700,和食・居酒屋,懐石　北瑞苑,大阪府大阪市北区曽根崎新地２－３－２１axビル3F,050-5816-6518,,,https://www.hotpepper.jp/strJ000012882/
【宮城】一ノ蔵,8250,和食・居酒屋,懐石　北瑞苑,大阪府大阪市北区曽根崎新地２－３－２１axビル3F,050-5816-6518,,,https://www.hotpepper.jp/strJ000012882/
【新潟】八海山,5500,和食・居酒屋,懐石　北瑞苑,大阪府大阪市北区曽根崎新地２－３－２１axビル3F,050-5816-6518,,,https://www.hotpepper.jp/strJ000012882/
【高知】土佐鶴,7150,和食・居酒屋,懐石　北瑞苑,大阪府大阪市北区曽根崎新地２－３－２１axビル3F,050-5816-6518,,,https://www.hotpepper.jp/strJ000012882/
【大阪】呉春　本醸造池田酒　（一合）,1650,和食・居酒屋,懐石　北瑞苑,大阪府大阪市北区曽根崎新地２－３－２１axビル3F,050-5816-6518,,,https://www.hotpepper.jp/strJ000012882/
【兵庫】中の坊,2750,和食・居酒屋,懐石　北瑞苑,大阪府大阪市北区曽根崎新地２－３－２１axビル3F,050-5816-6518,,,https://www.hotpepper.jp/strJ000012882/
【大阪】秋鹿,2530,和食・居酒屋,懐石　北瑞苑,大阪府大阪市北区曽根崎新地２－３－２１axビル3F,050-5816-6518,,,https://www.hotpepper.jp/strJ000012882/
【京都】玉乃光,1980,和食・居酒屋,懐石　北瑞苑,大阪府大阪市北区曽根崎新地２－３－２１axビル3F,050-5816-6518,,,https://www.hotpepper.jp/strJ000012882/
【北海道】北の誉,2200,和食・居酒屋,懐石　北瑞苑,大阪府大阪市北区曽根崎新地２－３－２１axビル3F,050-5816-6518,,,https://www.hotpepper.jp/strJ000012882/
【山形】大山,1980,和食・居酒屋,懐石　北瑞苑,大阪府大阪市北区曽根崎新地２－３－２１axビル3F,050-5816-6518,,,https://www.hotpepper.jp/strJ000012882/
【新潟】上善如水,2530,和食・居酒屋,懐石　北瑞苑,大阪府大阪市北区曽根崎新地２－３－２１axビル3F,050-5816-6518,,,https://www.hotpepper.jp/strJ000012882/
【広島】賀茂鶴,2530,和食・居酒屋,懐石　北瑞苑,大阪府大阪市北区曽根崎新地２－３－２１axビル3F,050-5816-6518,,,https://www.hotpepper.jp/strJ000012882/
【高知】船中八策,2530,和食・居酒屋,懐石　北瑞苑,大阪府大阪市北区曽根崎新地２－３－２１axビル3F,050-5816-6518,,,https://www.hotpepper.jp/strJ000012882/
【兵庫】菊正宗／白鹿　,880,和食・居酒屋,懐石　北瑞苑,大阪府大阪市北区曽根崎新地２－３－２１axビル3F,050-5816-6518,,,https://www.hotpepper.jp/strJ000012882/
【山口】獺祭　純米大吟醸二割三分,3850,和食・居酒屋,懐石　北瑞苑,大阪府大阪市北区曽根崎新地２－３－２１axビル3F,050-5816-6518,,,https://www.hotpepper.jp/strJ000012882/
【新潟】久保田　萬寿　純米大吟醸,3300,和食・居酒屋,懐石　北瑞苑,大阪府大阪市北区曽根崎新地２－３－２１axビル3F,050-5816-6518,,,https://www.hotpepper.jp/strJ000012882/
【新潟】久保田　千寿　本醸造,1980,和食・居酒屋,懐石　北瑞苑,大阪府大阪市北区曽根崎新地２－３－２１axビル3F,050-5816-6518,,,https://www.hotpepper.jp/strJ000012882/
【福井】黒龍　大吟醸,2750,和食・居酒屋,懐石　北瑞苑,大阪府大阪市北区曽根崎新地２－３－２１axビル3F,050-5816-6518,,,https://www.hotpepper.jp/strJ000012882/
【静岡】磯自慢　大吟醸,3300,和食・居酒屋,懐石　北瑞苑,大阪府大阪市北区曽根崎新地２－３－２１axビル3F,050-5816-6518,,,https://www.hotpepper.jp/strJ000012882/
【宮城】伯楽星　究極の食中酒　特別純米,1980,和食・居酒屋,懐石　北瑞苑,大阪府大阪市北区曽根崎新地２－３－２１axビル3F,050-5816-6518,,,https://www.hotpepper.jp/strJ000012882/
【山形】上喜元　純米吟醸　超辛,1980,和食・居酒屋,懐石　北瑞苑,大阪府大阪市北区曽根崎新地２－３－２１axビル3F,050-5816-6518,,,https://www.hotpepper.jp/strJ000012882/
【大阪】呉春　特吟,2200,和食・居酒屋,懐石　北瑞苑,大阪府大阪市北区曽根崎新地２－３－２１axビル3F,050-5816-6518,,,https://www.hotpepper.jp/strJ000012882/
【長崎】村正　グラス,880,和食・居酒屋,懐石　北瑞苑,大阪府大阪市北区曽根崎新地２－３－２１axビル3F,050-5816-6518,,,https://www.hotpepper.jp/strJ000012882/
【大分】二階堂　豊後路　グラス,990,和食・居酒屋,懐石　北瑞苑,大阪府大阪市北区曽根崎新地２－３－２１axビル3F,050-5816-6518,,,https://www.hotpepper.jp/strJ000012882/
【大分】舞香　グラス,990,和食・居酒屋,懐石　北瑞苑,大阪府大阪市北区曽根崎新地２－３－２１axビル3F,050-5816-6518,,,https://www.hotpepper.jp/strJ000012882/
【宮崎】中々　グラス,880,和食・居酒屋,懐石　北瑞苑,大阪府大阪市北区曽根崎新地２－３－２１axビル3F,050-5816-6518,,,https://www.hotpepper.jp/strJ000012882/
【宮崎】百年の孤独,1320,和食・居酒屋,懐石　北瑞苑,大阪府大阪市北区曽根崎新地２－３－２１axビル3F,050-5816-6518,,,https://www.hotpepper.jp/strJ000012882/
【福岡】梟　（ふくろう）　グラス,1320,和食・居酒屋,懐石　北瑞苑,大阪府大阪市北区曽根崎新地２－３－２１axビル3F,050-5816-6518,,,https://www.hotpepper.jp/strJ000012882/
【長崎】無一物　グラス,880,和食・居酒屋,懐石　北瑞苑,大阪府大阪市北区曽根崎新地２－３－２１axビル3F,050-5816-6518,,,https://www.hotpepper.jp/strJ000012882/
【宮崎】山ねこ　グラス,880,和食・居酒屋,懐石　北瑞苑,大阪府大阪市北区曽根崎新地２－３－２１axビル3F,050-5816-6518,,,https://www.hotpepper.jp/strJ000012882/
【宮崎】きろく　グラス,880,和食・居酒屋,懐石　北瑞苑,大阪府大阪市北区曽根崎新地２－３－２１axビル3F,050-5816-6518,,,https://www.hotpepper.jp/strJ000012882/
【鹿児島】富の宝山　グラス,990,和食・居酒屋,懐石　北瑞苑,大阪府大阪市北区曽根崎新地２－３－２１axビル3F,050-5816-6518,,,https://www.hotpepper.jp/strJ000012882/
【鹿児島】吉兆宝山　グラス,990,和食・居酒屋,懐石　北瑞苑,大阪府大阪市北区曽根崎新地２－３－２１axビル3F,050-5816-6518,,,https://www.hotpepper.jp/strJ000012882/
【鹿児島】晴耕雨読　グラス,880,和食・居酒屋,懐石　北瑞苑,大阪府大阪市北区曽根崎新地２－３－２１axビル3F,050-5816-6518,,,https://www.hotpepper.jp/strJ000012882/
【鹿児島】鼈　（すっぽん）　グラス,990,和食・居酒屋,懐石　北瑞苑,大阪府大阪市北区曽根崎新地２－３－２１axビル3F,050-5816-6518,,,https://www.hotpepper.jp/strJ000012882/
ブルゴーニュ・ピノ・ノワール,7150,和食・居酒屋,懐石　北瑞苑,大阪府大阪市北区曽根崎新地２－３－２１axビル3F,050-5816-6518,,,https://www.hotpepper.jp/strJ000012882/
オールド・ブロック　シラーズ,24200,和食・居酒屋,懐石　北瑞苑,大阪府大阪市北区曽根崎新地２－３－２１axビル3F,050-5816-6518,,,https://www.hotpepper.jp/strJ000012882/
カベルネ・ハッピーキャニオン・オブ・サンタバーバラ10,22000,和食・居酒屋,懐石　北瑞苑,大阪府大阪市北区曽根崎新地２－３－２１axビル3F,050-5816-6518,,,https://www.hotpepper.jp/strJ000012882/
シャトー・レイソン　ハーフボトル,6600,和食・居酒屋,懐石　北瑞苑,大阪府大阪市北区曽根崎新地２－３－２１axビル3F,050-5816-6518,,,https://www.hotpepper.jp/strJ000012882/
プライベート・セレクション　カベルネ・ソーヴィニヨン　ハーフボトル,5500,和食・居酒屋,懐石　北瑞苑,大阪府大阪市北区曽根崎新地２－３－２１axビル3F,050-5816-6518,,,https://www.hotpepper.jp/strJ000012882/
マコン・クリュジーユ　ルージュ2013,9350,和食・居酒屋,懐石　北瑞苑,大阪府大阪市北区曽根崎新地２－３－２１axビル3F,050-5816-6518,,,https://www.hotpepper.jp/strJ000012882/
シャトー・ファルファ　ハーフボトル,3850,和食・居酒屋,懐石　北瑞苑,大阪府大阪市北区曽根崎新地２－３－２１axビル3F,050-5816-6518,,,https://www.hotpepper.jp/strJ000012882/
クロスター・ピノ・ノワールファルツ,4400,和食・居酒屋,懐石　北瑞苑,大阪府大阪市北区曽根崎新地２－３－２１axビル3F,050-5816-6518,,,https://www.hotpepper.jp/strJ000012882/
ドン・ペリニヨン,33000,和食・居酒屋,懐石　北瑞苑,大阪府大阪市北区曽根崎新地２－３－２１axビル3F,050-5816-6518,,,https://www.hotpepper.jp/strJ000012882/
モエ・エシャンドンヴィンテージ,22000,和食・居酒屋,懐石　北瑞苑,大阪府大阪市北区曽根崎新地２－３－２１axビル3F,050-5816-6518,,,https://www.hotpepper.jp/strJ000012882/
ヴーヴ・クリコ　ポンサルダン,12100,和食・居酒屋,懐石　北瑞苑,大阪府大阪市北区曽根崎新地２－３－２１axビル3F,050-5816-6518,,,https://www.hotpepper.jp/strJ000012882/
クレマン・ド・リムーレ・グレムノス,7150,和食・居酒屋,懐石　北瑞苑,大阪府大阪市北区曽根崎新地２－３－２１axビル3F,050-5816-6518,,,https://www.hotpepper.jp/strJ000012882/
フレシネ　コルドン　ネグロ,3300,和食・居酒屋,懐石　北瑞苑,大阪府大阪市北区曽根崎新地２－３－２１axビル3F,050-5816-6518,,,https://www.hotpepper.jp/strJ000012882/
シャン・デ・ヴィーニュ　ジュランソン,6600,和食・居酒屋,懐石　北瑞苑,大阪府大阪市北区曽根崎新地２－３－２１axビル3F,050-5816-6518,,,https://www.hotpepper.jp/strJ000012882/
シャブリ・グラン・クリュ・ラ・ムトンヌ　,33000,和食・居酒屋,懐石　北瑞苑,大阪府大阪市北区曽根崎新地２－３－２１axビル3F,050-5816-6518,,,https://www.hotpepper.jp/strJ000012882/
北信左岸シャルドネ,22000,和食・居酒屋,懐石　北瑞苑,大阪府大阪市北区曽根崎新地２－３－２１axビル3F,050-5816-6518,,,https://www.hotpepper.jp/strJ000012882/
フュメ・ブラン,15400,和食・居酒屋,懐石　北瑞苑,大阪府大阪市北区曽根崎新地２－３－２１axビル3F,050-5816-6518,,,https://www.hotpepper.jp/strJ000012882/
プイイ・フィッセ,13200,和食・居酒屋,懐石　北瑞苑,大阪府大阪市北区曽根崎新地２－３－２１axビル3F,050-5816-6518,,,https://www.hotpepper.jp/strJ000012882/
ウイーナー・ゲミシュター・サッツ,11000,和食・居酒屋,懐石　北瑞苑,大阪府大阪市北区曽根崎新地２－３－２１axビル3F,050-5816-6518,,,https://www.hotpepper.jp/strJ000012882/
シャブリ　ハーフボトル,3850,和食・居酒屋,懐石　北瑞苑,大阪府大阪市北区曽根崎新地２－３－２１axビル3F,050-5816-6518,,,https://www.hotpepper.jp/strJ000012882/
山梨甲州　ハーフボトル,3300,和食・居酒屋,懐石　北瑞苑,大阪府大阪市北区曽根崎新地２－３－２１axビル3F,050-5816-6518,,,https://www.hotpepper.jp/strJ000012882/
ミュスカデ・セーヴル・エ・メーヌ　シュール・リー,5500,和食・居酒屋,懐石　北瑞苑,大阪府大阪市北区曽根崎新地２－３－２１axビル3F,050-5816-6518,,,https://www.hotpepper.jp/strJ000012882/
ザ・スプリングス・ソーヴィニヨン・ブラン,4400,和食・居酒屋,懐石　北瑞苑,大阪府大阪市北区曽根崎新地２－３－２１axビル3F,050-5816-6518,,,https://www.hotpepper.jp/strJ000012882/
ソーヴィニヨン・ブラン,5500,和食・居酒屋,懐石　北瑞苑,大阪府大阪市北区曽根崎新地２－３－２１axビル3F,050-5816-6518,,,https://www.hotpepper.jp/strJ000012882/
ロゼ・ダンジュ,3300,和食・居酒屋,懐石　北瑞苑,大阪府大阪市北区曽根崎新地２－３－２１axビル3F,050-5816-6518,,,https://www.hotpepper.jp/strJ000012882/
ウーロン茶／オレンジジュース／コーラ／ジンジャエール,550,和食・居酒屋,懐石　北瑞苑,大阪府大阪市北区曽根崎新地２－３－２１axビル3F,050-5816-6518,,,https://www.hotpepper.jp/strJ000012882/
ペリエ,770,和食・居酒屋,懐石　北瑞苑,大阪府大阪市北区曽根崎新地２－３－２１axビル3F,050-5816-6518,,,https://www.hotpepper.jp/strJ000012882/
【赤】ジョアン・サルダ　カベルネ・ソーヴィニヨン,528,洋食,ブルーノ　HEPナビオ店,大阪府大阪市北区角田町７‐１０ＨＥＰナビオ７Ｆ　ナビオダイニング,06-6315-5252,,,https://www.hotpepper.jp/strJ000013623/
【白】ヴィニャ・サルダ,528,洋食,ブルーノ　HEPナビオ店,大阪府大阪市北区角田町７‐１０ＨＥＰナビオ７Ｆ　ナビオダイニング,06-6315-5252,,,https://www.hotpepper.jp/strJ000013623/
ザ・プレミアム・モルツ（小瓶）,616,洋食,ブルーノ　HEPナビオ店,大阪府大阪市北区角田町７‐１０ＨＥＰナビオ７Ｆ　ナビオダイニング,06-6315-5252,,,https://www.hotpepper.jp/strJ000013623/
オールフリー,495,洋食,ブルーノ　HEPナビオ店,大阪府大阪市北区角田町７‐１０ＨＥＰナビオ７Ｆ　ナビオダイニング,06-6315-5252,,,https://www.hotpepper.jp/strJ000013623/
ダム,495,洋食,ブルーノ　HEPナビオ店,大阪府大阪市北区角田町７‐１０ＨＥＰナビオ７Ｆ　ナビオダイニング,06-6315-5252,,,https://www.hotpepper.jp/strJ000013623/
烏龍茶［HOT／Iced］,462,洋食,ブルーノ　HEPナビオ店,大阪府大阪市北区角田町７‐１０ＨＥＰナビオ７Ｆ　ナビオダイニング,06-6315-5252,,,https://www.hotpepper.jp/strJ000013623/
ダージリン［HOT／Iced］,528,洋食,ブルーノ　HEPナビオ店,大阪府大阪市北区角田町７‐１０ＨＥＰナビオ７Ｆ　ナビオダイニング,06-6315-5252,,,https://www.hotpepper.jp/strJ000013623/
チャイ［HOT／Iced］,528,洋食,ブルーノ　HEPナビオ店,大阪府大阪市北区角田町７‐１０ＨＥＰナビオ７Ｆ　ナビオダイニング,06-6315-5252,,,https://www.hotpepper.jp/strJ000013623/
コーヒー［HOT／Iced］,528,洋食,ブルーノ　HEPナビオ店,大阪府大阪市北区角田町７‐１０ＨＥＰナビオ７Ｆ　ナビオダイニング,06-6315-5252,,,https://www.hotpepper.jp/strJ000013623/
カフェ・オレ［HOT／Iced］,550,洋食,ブルーノ　HEPナビオ店,大阪府大阪市北区角田町７‐１０ＨＥＰナビオ７Ｆ　ナビオダイニング,06-6315-5252,,,https://www.hotpepper.jp/strJ000013623/
オレンジジュース,528,洋食,ブルーノ　HEPナビオ店,大阪府大阪市北区角田町７‐１０ＨＥＰナビオ７Ｆ　ナビオダイニング,06-6315-5252,,,https://www.hotpepper.jp/strJ000013623/
ジンジャーエール,495,洋食,ブルーノ　HEPナビオ店,大阪府大阪市北区角田町７‐１０ＨＥＰナビオ７Ｆ　ナビオダイニング,06-6315-5252,,,https://www.hotpepper.jp/strJ000013623/
コーラ,495,洋食,ブルーノ　HEPナビオ店,大阪府大阪市北区角田町７‐１０ＨＥＰナビオ７Ｆ　ナビオダイニング,06-6315-5252,,,https://www.hotpepper.jp/strJ000013623/
ミルク,462,洋食,ブルーノ　HEPナビオ店,大阪府大阪市北区角田町７‐１０ＨＥＰナビオ７Ｆ　ナビオダイニング,06-6315-5252,,,https://www.hotpepper.jp/strJ000013623/
男山・國芳,759,居酒屋,和食と日本酒　ひもの野郎　阪急梅田HEPナビオ店　阪急メンズ館６階,大阪府大阪市北区角田町7-10HEPナビオ店,050-5285-2277,,,https://www.hotpepper.jp/strJ001162099/
喜久泉,869,居酒屋,和食と日本酒　ひもの野郎　阪急梅田HEPナビオ店　阪急メンズ館６階,大阪府大阪市北区角田町7-10HEPナビオ店,050-5285-2277,,,https://www.hotpepper.jp/strJ001162099/
花邑,759,居酒屋,和食と日本酒　ひもの野郎　阪急梅田HEPナビオ店　阪急メンズ館６階,大阪府大阪市北区角田町7-10HEPナビオ店,050-5285-2277,,,https://www.hotpepper.jp/strJ001162099/
赤武,869,居酒屋,和食と日本酒　ひもの野郎　阪急梅田HEPナビオ店　阪急メンズ館６階,大阪府大阪市北区角田町7-10HEPナビオ店,050-5285-2277,,,https://www.hotpepper.jp/strJ001162099/
出羽桜・雪漫々,1419,居酒屋,和食と日本酒　ひもの野郎　阪急梅田HEPナビオ店　阪急メンズ館６階,大阪府大阪市北区角田町7-10HEPナビオ店,050-5285-2277,,,https://www.hotpepper.jp/strJ001162099/
乾坤一,759,居酒屋,和食と日本酒　ひもの野郎　阪急梅田HEPナビオ店　阪急メンズ館６階,大阪府大阪市北区角田町7-10HEPナビオ店,050-5285-2277,,,https://www.hotpepper.jp/strJ001162099/
ぷちぷち,1199,居酒屋,和食と日本酒　ひもの野郎　阪急梅田HEPナビオ店　阪急メンズ館６階,大阪府大阪市北区角田町7-10HEPナビオ店,050-5285-2277,,,https://www.hotpepper.jp/strJ001162099/
群馬泉,649,居酒屋,和食と日本酒　ひもの野郎　阪急梅田HEPナビオ店　阪急メンズ館６階,大阪府大阪市北区角田町7-10HEPナビオ店,050-5285-2277,,,https://www.hotpepper.jp/strJ001162099/
花陽浴,979,居酒屋,和食と日本酒　ひもの野郎　阪急梅田HEPナビオ店　阪急メンズ館６階,大阪府大阪市北区角田町7-10HEPナビオ店,050-5285-2277,,,https://www.hotpepper.jp/strJ001162099/
清泉,759,居酒屋,和食と日本酒　ひもの野郎　阪急梅田HEPナビオ店　阪急メンズ館６階,大阪府大阪市北区角田町7-10HEPナビオ店,050-5285-2277,,,https://www.hotpepper.jp/strJ001162099/
満寿泉,869,居酒屋,和食と日本酒　ひもの野郎　阪急梅田HEPナビオ店　阪急メンズ館６階,大阪府大阪市北区角田町7-10HEPナビオ店,050-5285-2277,,,https://www.hotpepper.jp/strJ001162099/
手取川,759,居酒屋,和食と日本酒　ひもの野郎　阪急梅田HEPナビオ店　阪急メンズ館６階,大阪府大阪市北区角田町7-10HEPナビオ店,050-5285-2277,,,https://www.hotpepper.jp/strJ001162099/
黒龍・龍,1639,居酒屋,和食と日本酒　ひもの野郎　阪急梅田HEPナビオ店　阪急メンズ館６階,大阪府大阪市北区角田町7-10HEPナビオ店,050-5285-2277,,,https://www.hotpepper.jp/strJ001162099/
川中島・幻舞,869,居酒屋,和食と日本酒　ひもの野郎　阪急梅田HEPナビオ店　阪急メンズ館６階,大阪府大阪市北区角田町7-10HEPナビオ店,050-5285-2277,,,https://www.hotpepper.jp/strJ001162099/
開運,759,居酒屋,和食と日本酒　ひもの野郎　阪急梅田HEPナビオ店　阪急メンズ館６階,大阪府大阪市北区角田町7-10HEPナビオ店,050-5285-2277,,,https://www.hotpepper.jp/strJ001162099/
醸し人九平次,979,居酒屋,和食と日本酒　ひもの野郎　阪急梅田HEPナビオ店　阪急メンズ館６階,大阪府大阪市北区角田町7-10HEPナビオ店,050-5285-2277,,,https://www.hotpepper.jp/strJ001162099/
不老泉,869,居酒屋,和食と日本酒　ひもの野郎　阪急梅田HEPナビオ店　阪急メンズ館６階,大阪府大阪市北区角田町7-10HEPナビオ店,050-5285-2277,,,https://www.hotpepper.jp/strJ001162099/
玉川,759,居酒屋,和食と日本酒　ひもの野郎　阪急梅田HEPナビオ店　阪急メンズ館６階,大阪府大阪市北区角田町7-10HEPナビオ店,050-5285-2277,,,https://www.hotpepper.jp/strJ001162099/
風の森,649,居酒屋,和食と日本酒　ひもの野郎　阪急梅田HEPナビオ店　阪急メンズ館６階,大阪府大阪市北区角田町7-10HEPナビオ店,050-5285-2277,,,https://www.hotpepper.jp/strJ001162099/
秋鹿,869,居酒屋,和食と日本酒　ひもの野郎　阪急梅田HEPナビオ店　阪急メンズ館６階,大阪府大阪市北区角田町7-10HEPナビオ店,050-5285-2277,,,https://www.hotpepper.jp/strJ001162099/
紀土,759,居酒屋,和食と日本酒　ひもの野郎　阪急梅田HEPナビオ店　阪急メンズ館６階,大阪府大阪市北区角田町7-10HEPナビオ店,050-5285-2277,,,https://www.hotpepper.jp/strJ001162099/
奥播磨,759,居酒屋,和食と日本酒　ひもの野郎　阪急梅田HEPナビオ店　阪急メンズ館６階,大阪府大阪市北区角田町7-10HEPナビオ店,050-5285-2277,,,https://www.hotpepper.jp/strJ001162099/
日置桜,869,居酒屋,和食と日本酒　ひもの野郎　阪急梅田HEPナビオ店　阪急メンズ館６階,大阪府大阪市北区角田町7-10HEPナビオ店,050-5285-2277,,,https://www.hotpepper.jp/strJ001162099/
十旭日,759,居酒屋,和食と日本酒　ひもの野郎　阪急梅田HEPナビオ店　阪急メンズ館６階,大阪府大阪市北区角田町7-10HEPナビオ店,050-5285-2277,,,https://www.hotpepper.jp/strJ001162099/
神雷,759,居酒屋,和食と日本酒　ひもの野郎　阪急梅田HEPナビオ店　阪急メンズ館６階,大阪府大阪市北区角田町7-10HEPナビオ店,050-5285-2277,,,https://www.hotpepper.jp/strJ001162099/
獺祭磨き三割九分,1089,居酒屋,和食と日本酒　ひもの野郎　阪急梅田HEPナビオ店　阪急メンズ館６階,大阪府大阪市北区角田町7-10HEPナビオ店,050-5285-2277,,,https://www.hotpepper.jp/strJ001162099/
悦凱陣,979,居酒屋,和食と日本酒　ひもの野郎　阪急梅田HEPナビオ店　阪急メンズ館６階,大阪府大阪市北区角田町7-10HEPナビオ店,050-5285-2277,,,https://www.hotpepper.jp/strJ001162099/
石鎚,759,居酒屋,和食と日本酒　ひもの野郎　阪急梅田HEPナビオ店　阪急メンズ館６階,大阪府大阪市北区角田町7-10HEPナビオ店,050-5285-2277,,,https://www.hotpepper.jp/strJ001162099/
南,979,居酒屋,和食と日本酒　ひもの野郎　阪急梅田HEPナビオ店　阪急メンズ館６階,大阪府大阪市北区角田町7-10HEPナビオ店,050-5285-2277,,,https://www.hotpepper.jp/strJ001162099/
◆その他にも、十四代、田酒、No.6、磯自慢　などいろいろあります。詳しくはスタッフまで。,－,居酒屋,和食と日本酒　ひもの野郎　阪急梅田HEPナビオ店　阪急メンズ館６階,大阪府大阪市北区角田町7-10HEPナビオ店,050-5285-2277,,,https://www.hotpepper.jp/strJ001162099/
ほろよいセット,800,居酒屋,和食と日本酒　ひもの野郎　阪急梅田HEPナビオ店　阪急メンズ館６階,大阪府大阪市北区角田町7-10HEPナビオ店,050-5285-2277,,,https://www.hotpepper.jp/strJ001162099/
日本酒飲み比べ晩酌セット,1590,居酒屋,和食と日本酒　ひもの野郎　阪急梅田HEPナビオ店　阪急メンズ館６階,大阪府大阪市北区角田町7-10HEPナビオ店,050-5285-2277,,,https://www.hotpepper.jp/strJ001162099/
大吟醸飲み比べ晩酌セット,2590,居酒屋,和食と日本酒　ひもの野郎　阪急梅田HEPナビオ店　阪急メンズ館６階,大阪府大阪市北区角田町7-10HEPナビオ店,050-5285-2277,,,https://www.hotpepper.jp/strJ001162099/
大吟醸飲みくらべ,2190,居酒屋,和食と日本酒　ひもの野郎　阪急梅田HEPナビオ店　阪急メンズ館６階,大阪府大阪市北区角田町7-10HEPナビオ店,050-5285-2277,,,https://www.hotpepper.jp/strJ001162099/
純米酒飲みくらべ,1750,居酒屋,和食と日本酒　ひもの野郎　阪急梅田HEPナビオ店　阪急メンズ館６階,大阪府大阪市北区角田町7-10HEPナビオ店,050-5285-2277,,,https://www.hotpepper.jp/strJ001162099/
日本酒飲みくらべ,1090,居酒屋,和食と日本酒　ひもの野郎　阪急梅田HEPナビオ店　阪急メンズ館６階,大阪府大阪市北区角田町7-10HEPナビオ店,050-5285-2277,,,https://www.hotpepper.jp/strJ001162099/
※その他の地酒はお店にてご確認ください。,－,居酒屋,和食と日本酒　ひもの野郎　阪急梅田HEPナビオ店　阪急メンズ館６階,大阪府大阪市北区角田町7-10HEPナビオ店,050-5285-2277,,,https://www.hotpepper.jp/strJ001162099/
鶯印のどぶろく（福岡）,650,居酒屋,和食と日本酒　ひもの野郎　阪急梅田HEPナビオ店　阪急メンズ館６階,大阪府大阪市北区角田町7-10HEPナビオ店,050-5285-2277,,,https://www.hotpepper.jp/strJ001162099/
【芋】赤兎馬,610,居酒屋,和食と日本酒　ひもの野郎　阪急梅田HEPナビオ店　阪急メンズ館６階,大阪府大阪市北区角田町7-10HEPナビオ店,050-5285-2277,,,https://www.hotpepper.jp/strJ001162099/
【芋】富乃宝山,650,居酒屋,和食と日本酒　ひもの野郎　阪急梅田HEPナビオ店　阪急メンズ館６階,大阪府大阪市北区角田町7-10HEPナビオ店,050-5285-2277,,,https://www.hotpepper.jp/strJ001162099/
【芋】頑徹,540,居酒屋,和食と日本酒　ひもの野郎　阪急梅田HEPナビオ店　阪急メンズ館６階,大阪府大阪市北区角田町7-10HEPナビオ店,050-5285-2277,,,https://www.hotpepper.jp/strJ001162099/
【麦】特蒸泰明,610,居酒屋,和食と日本酒　ひもの野郎　阪急梅田HEPナビオ店　阪急メンズ館６階,大阪府大阪市北区角田町7-10HEPナビオ店,050-5285-2277,,,https://www.hotpepper.jp/strJ001162099/
【麦】中々,540,居酒屋,和食と日本酒　ひもの野郎　阪急梅田HEPナビオ店　阪急メンズ館６階,大阪府大阪市北区角田町7-10HEPナビオ店,050-5285-2277,,,https://www.hotpepper.jp/strJ001162099/
【麦】黒和ら麦,540,居酒屋,和食と日本酒　ひもの野郎　阪急梅田HEPナビオ店　阪急メンズ館６階,大阪府大阪市北区角田町7-10HEPナビオ店,050-5285-2277,,,https://www.hotpepper.jp/strJ001162099/
※その他の焼酎はお店にてご確認ください。,－,居酒屋,和食と日本酒　ひもの野郎　阪急梅田HEPナビオ店　阪急メンズ館６階,大阪府大阪市北区角田町7-10HEPナビオ店,050-5285-2277,,,https://www.hotpepper.jp/strJ001162099/
サッポロ生ビール　黒ラベル〈樽生〉（生中）,430,居酒屋,和食と日本酒　ひもの野郎　阪急梅田HEPナビオ店　阪急メンズ館６階,大阪府大阪市北区角田町7-10HEPナビオ店,050-5285-2277,,,https://www.hotpepper.jp/strJ001162099/
＜生ビール＞エビスマイスター（生中）,650,居酒屋,和食と日本酒　ひもの野郎　阪急梅田HEPナビオ店　阪急メンズ館６階,大阪府大阪市北区角田町7-10HEPナビオ店,050-5285-2277,,,https://www.hotpepper.jp/strJ001162099/
サッポロ赤星（中瓶）,470,居酒屋,和食と日本酒　ひもの野郎　阪急梅田HEPナビオ店　阪急メンズ館６階,大阪府大阪市北区角田町7-10HEPナビオ店,050-5285-2277,,,https://www.hotpepper.jp/strJ001162099/
 アサヒスーパードライ（中瓶）,500,居酒屋,和食と日本酒　ひもの野郎　阪急梅田HEPナビオ店　阪急メンズ館６階,大阪府大阪市北区角田町7-10HEPナビオ店,050-5285-2277,,,https://www.hotpepper.jp/strJ001162099/
シャンディ―ガフ／レッドアイ,540,居酒屋,和食と日本酒　ひもの野郎　阪急梅田HEPナビオ店　阪急メンズ館６階,大阪府大阪市北区角田町7-10HEPナビオ店,050-5285-2277,,,https://www.hotpepper.jp/strJ001162099/
ハイボール（デュワーズ）,430,居酒屋,和食と日本酒　ひもの野郎　阪急梅田HEPナビオ店　阪急メンズ館６階,大阪府大阪市北区角田町7-10HEPナビオ店,050-5285-2277,,,https://www.hotpepper.jp/strJ001162099/
ジンジャーハイボール／角ハイボール,540,居酒屋,和食と日本酒　ひもの野郎　阪急梅田HEPナビオ店　阪急メンズ館６階,大阪府大阪市北区角田町7-10HEPナビオ店,050-5285-2277,,,https://www.hotpepper.jp/strJ001162099/
侍ハイボール,430,居酒屋,和食と日本酒　ひもの野郎　阪急梅田HEPナビオ店　阪急メンズ館６階,大阪府大阪市北区角田町7-10HEPナビオ店,050-5285-2277,,,https://www.hotpepper.jp/strJ001162099/
山崎ハイボール,650,居酒屋,和食と日本酒　ひもの野郎　阪急梅田HEPナビオ店　阪急メンズ館６階,大阪府大阪市北区角田町7-10HEPナビオ店,050-5285-2277,,,https://www.hotpepper.jp/strJ001162099/
ハーフワイン　赤／白,1300,居酒屋,和食と日本酒　ひもの野郎　阪急梅田HEPナビオ店　阪急メンズ館６階,大阪府大阪市北区角田町7-10HEPナビオ店,050-5285-2277,,,https://www.hotpepper.jp/strJ001162099/
濃いめのレモンサワー／パンチレモンサワー／瀬戸内レモンサワー／イタリアンレモンサワー,430,居酒屋,和食と日本酒　ひもの野郎　阪急梅田HEPナビオ店　阪急メンズ館６階,大阪府大阪市北区角田町7-10HEPナビオ店,050-5285-2277,,,https://www.hotpepper.jp/strJ001162099/
ウーロンハイ／紅茶ハイ,430,居酒屋,和食と日本酒　ひもの野郎　阪急梅田HEPナビオ店　阪急メンズ館６階,大阪府大阪市北区角田町7-10HEPナビオ店,050-5285-2277,,,https://www.hotpepper.jp/strJ001162099/
ライム／巨峰／コーラ／男梅／グレープフルーツ／シークァーサー／カルピス／ジンジャー,430,居酒屋,和食と日本酒　ひもの野郎　阪急梅田HEPナビオ店　阪急メンズ館６階,大阪府大阪市北区角田町7-10HEPナビオ店,050-5285-2277,,,https://www.hotpepper.jp/strJ001162099/
おいしい玉露入りお茶ハイ／美味しいほうじ茶ハイ,500,居酒屋,和食と日本酒　ひもの野郎　阪急梅田HEPナビオ店　阪急メンズ館６階,大阪府大阪市北区角田町7-10HEPナビオ店,050-5285-2277,,,https://www.hotpepper.jp/strJ001162099/
果実酒飲みくらべ,870,居酒屋,和食と日本酒　ひもの野郎　阪急梅田HEPナビオ店　阪急メンズ館６階,大阪府大阪市北区角田町7-10HEPナビオ店,050-5285-2277,,,https://www.hotpepper.jp/strJ001162099/
白加賀でつくった梅酒,540,居酒屋,和食と日本酒　ひもの野郎　阪急梅田HEPナビオ店　阪急メンズ館６階,大阪府大阪市北区角田町7-10HEPナビオ店,050-5285-2277,,,https://www.hotpepper.jp/strJ001162099/
贅沢ゆず酒,540,居酒屋,和食と日本酒　ひもの野郎　阪急梅田HEPナビオ店　阪急メンズ館６階,大阪府大阪市北区角田町7-10HEPナビオ店,050-5285-2277,,,https://www.hotpepper.jp/strJ001162099/
おいしいトマト／おいしいみかん／おいしいマンゴー,540,居酒屋,和食と日本酒　ひもの野郎　阪急梅田HEPナビオ店　阪急メンズ館６階,大阪府大阪市北区角田町7-10HEPナビオ店,050-5285-2277,,,https://www.hotpepper.jp/strJ001162099/
カシスウーロン,540,居酒屋,和食と日本酒　ひもの野郎　阪急梅田HEPナビオ店　阪急メンズ館６階,大阪府大阪市北区角田町7-10HEPナビオ店,050-5285-2277,,,https://www.hotpepper.jp/strJ001162099/
カシスコーラ,540,居酒屋,和食と日本酒　ひもの野郎　阪急梅田HEPナビオ店　阪急メンズ館６階,大阪府大阪市北区角田町7-10HEPナビオ店,050-5285-2277,,,https://www.hotpepper.jp/strJ001162099/
カシスジンジャー,540,居酒屋,和食と日本酒　ひもの野郎　阪急梅田HEPナビオ店　阪急メンズ館６階,大阪府大阪市北区角田町7-10HEPナビオ店,050-5285-2277,,,https://www.hotpepper.jp/strJ001162099/
カシスオレンジ,540,居酒屋,和食と日本酒　ひもの野郎　阪急梅田HEPナビオ店　阪急メンズ館６階,大阪府大阪市北区角田町7-10HEPナビオ店,050-5285-2277,,,https://www.hotpepper.jp/strJ001162099/
パッソアコーラ,540,居酒屋,和食と日本酒　ひもの野郎　阪急梅田HEPナビオ店　阪急メンズ館６階,大阪府大阪市北区角田町7-10HEPナビオ店,050-5285-2277,,,https://www.hotpepper.jp/strJ001162099/
パッソアジンジャー,540,居酒屋,和食と日本酒　ひもの野郎　阪急梅田HEPナビオ店　阪急メンズ館６階,大阪府大阪市北区角田町7-10HEPナビオ店,050-5285-2277,,,https://www.hotpepper.jp/strJ001162099/
パッソアオレンジ,540,居酒屋,和食と日本酒　ひもの野郎　阪急梅田HEPナビオ店　阪急メンズ館６階,大阪府大阪市北区角田町7-10HEPナビオ店,050-5285-2277,,,https://www.hotpepper.jp/strJ001162099/
ディタコーラ,540,居酒屋,和食と日本酒　ひもの野郎　阪急梅田HEPナビオ店　阪急メンズ館６階,大阪府大阪市北区角田町7-10HEPナビオ店,050-5285-2277,,,https://www.hotpepper.jp/strJ001162099/
ディタジンジャー,540,居酒屋,和食と日本酒　ひもの野郎　阪急梅田HEPナビオ店　阪急メンズ館６階,大阪府大阪市北区角田町7-10HEPナビオ店,050-5285-2277,,,https://www.hotpepper.jp/strJ001162099/
ディタオレンジ,540,居酒屋,和食と日本酒　ひもの野郎　阪急梅田HEPナビオ店　阪急メンズ館６階,大阪府大阪市北区角田町7-10HEPナビオ店,050-5285-2277,,,https://www.hotpepper.jp/strJ001162099/
ウーロン茶／カルピス／コーラ／ジンジャーエール／オレンジジュース,320,居酒屋,和食と日本酒　ひもの野郎　阪急梅田HEPナビオ店　阪急メンズ館６階,大阪府大阪市北区角田町7-10HEPナビオ店,050-5285-2277,,,https://www.hotpepper.jp/strJ001162099/
ドリンク各種,-,洋食,ステーキハウス　ロイン HEPナビオ,大阪府大阪市北区角田町７‐１０ＨＥＰナビオ６Ｆ　ナビオダイニング,050-5841-9250,,,https://www.hotpepper.jp/strJ000014552/
ダージリン,720,カフェ・スイーツ,丸福珈琲店　HEPナビオ店,大阪府大阪市北区角田町７‐１０ＨＥＰナビオ７Ｆ　ナビオダイニング,050-5347-5012,,,https://www.hotpepper.jp/strJ000711910/
アールグレイ,720,カフェ・スイーツ,丸福珈琲店　HEPナビオ店,大阪府大阪市北区角田町７‐１０ＨＥＰナビオ７Ｆ　ナビオダイニング,050-5347-5012,,,https://www.hotpepper.jp/strJ000711910/
ロイヤルブレンド,720,カフェ・スイーツ,丸福珈琲店　HEPナビオ店,大阪府大阪市北区角田町７‐１０ＨＥＰナビオ７Ｆ　ナビオダイニング,050-5347-5012,,,https://www.hotpepper.jp/strJ000711910/
ブレンド珈琲（HOT／ICE）,560,カフェ・スイーツ,丸福珈琲店　HEPナビオ店,大阪府大阪市北区角田町７‐１０ＨＥＰナビオ７Ｆ　ナビオダイニング,050-5347-5012,,,https://www.hotpepper.jp/strJ000711910/
アメリカン珈琲（HOT／ICE）,560,カフェ・スイーツ,丸福珈琲店　HEPナビオ店,大阪府大阪市北区角田町７‐１０ＨＥＰナビオ７Ｆ　ナビオダイニング,050-5347-5012,,,https://www.hotpepper.jp/strJ000711910/
カフェオレ（HOT／ICE）,600,カフェ・スイーツ,丸福珈琲店　HEPナビオ店,大阪府大阪市北区角田町７‐１０ＨＥＰナビオ７Ｆ　ナビオダイニング,050-5347-5012,,,https://www.hotpepper.jp/strJ000711910/
ウインナーコーヒー（HOT／ICE）,730,カフェ・スイーツ,丸福珈琲店　HEPナビオ店,大阪府大阪市北区角田町７‐１０ＨＥＰナビオ７Ｆ　ナビオダイニング,050-5347-5012,,,https://www.hotpepper.jp/strJ000711910/
紅茶（HOT／ICE）,590,カフェ・スイーツ,丸福珈琲店　HEPナビオ店,大阪府大阪市北区角田町７‐１０ＨＥＰナビオ７Ｆ　ナビオダイニング,050-5347-5012,,,https://www.hotpepper.jp/strJ000711910/
ティー・オレ（HOT／ICE）,600,カフェ・スイーツ,丸福珈琲店　HEPナビオ店,大阪府大阪市北区角田町７‐１０ＨＥＰナビオ７Ｆ　ナビオダイニング,050-5347-5012,,,https://www.hotpepper.jp/strJ000711910/
ミルク（HOT／ICE）,480,カフェ・スイーツ,丸福珈琲店　HEPナビオ店,大阪府大阪市北区角田町７‐１０ＨＥＰナビオ７Ｆ　ナビオダイニング,050-5347-5012,,,https://www.hotpepper.jp/strJ000711910/
ココア（HOT／ICE）,600,カフェ・スイーツ,丸福珈琲店　HEPナビオ店,大阪府大阪市北区角田町７‐１０ＨＥＰナビオ７Ｆ　ナビオダイニング,050-5347-5012,,,https://www.hotpepper.jp/strJ000711910/
珈琲フロート,790,カフェ・スイーツ,丸福珈琲店　HEPナビオ店,大阪府大阪市北区角田町７‐１０ＨＥＰナビオ７Ｆ　ナビオダイニング,050-5347-5012,,,https://www.hotpepper.jp/strJ000711910/
オレフロート,790,カフェ・スイーツ,丸福珈琲店　HEPナビオ店,大阪府大阪市北区角田町７‐１０ＨＥＰナビオ７Ｆ　ナビオダイニング,050-5347-5012,,,https://www.hotpepper.jp/strJ000711910/
ココアフロート,790,カフェ・スイーツ,丸福珈琲店　HEPナビオ店,大阪府大阪市北区角田町７‐１０ＨＥＰナビオ７Ｆ　ナビオダイニング,050-5347-5012,,,https://www.hotpepper.jp/strJ000711910/
クリームジュース,800,カフェ・スイーツ,丸福珈琲店　HEPナビオ店,大阪府大阪市北区角田町７‐１０ＨＥＰナビオ７Ｆ　ナビオダイニング,050-5347-5012,,,https://www.hotpepper.jp/strJ000711910/
クリームソーダ,590,カフェ・スイーツ,丸福珈琲店　HEPナビオ店,大阪府大阪市北区角田町７‐１０ＨＥＰナビオ７Ｆ　ナビオダイニング,050-5347-5012,,,https://www.hotpepper.jp/strJ000711910/
クリームコーラ,590,カフェ・スイーツ,丸福珈琲店　HEPナビオ店,大阪府大阪市北区角田町７‐１０ＨＥＰナビオ７Ｆ　ナビオダイニング,050-5347-5012,,,https://www.hotpepper.jp/strJ000711910/
ミックスジュース,750,カフェ・スイーツ,丸福珈琲店　HEPナビオ店,大阪府大阪市北区角田町７‐１０ＨＥＰナビオ７Ｆ　ナビオダイニング,050-5347-5012,,,https://www.hotpepper.jp/strJ000711910/
グレープフルーツジュース,750,カフェ・スイーツ,丸福珈琲店　HEPナビオ店,大阪府大阪市北区角田町７‐１０ＨＥＰナビオ７Ｆ　ナビオダイニング,050-5347-5012,,,https://www.hotpepper.jp/strJ000711910/
バナナジュース,750,カフェ・スイーツ,丸福珈琲店　HEPナビオ店,大阪府大阪市北区角田町７‐１０ＨＥＰナビオ７Ｆ　ナビオダイニング,050-5347-5012,,,https://www.hotpepper.jp/strJ000711910/
オレンジジュース,750,カフェ・スイーツ,丸福珈琲店　HEPナビオ店,大阪府大阪市北区角田町７‐１０ＨＥＰナビオ７Ｆ　ナビオダイニング,050-5347-5012,,,https://www.hotpepper.jp/strJ000711910/
ホットオレンジ,750,カフェ・スイーツ,丸福珈琲店　HEPナビオ店,大阪府大阪市北区角田町７‐１０ＨＥＰナビオ７Ｆ　ナビオダイニング,050-5347-5012,,,https://www.hotpepper.jp/strJ000711910/
レモンスカッシュ,750,カフェ・スイーツ,丸福珈琲店　HEPナビオ店,大阪府大阪市北区角田町７‐１０ＨＥＰナビオ７Ｆ　ナビオダイニング,050-5347-5012,,,https://www.hotpepper.jp/strJ000711910/
ホットレモン,750,カフェ・スイーツ,丸福珈琲店　HEPナビオ店,大阪府大阪市北区角田町７‐１０ＨＥＰナビオ７Ｆ　ナビオダイニング,050-5347-5012,,,https://www.hotpepper.jp/strJ000711910/
コーラ,460,カフェ・スイーツ,丸福珈琲店　HEPナビオ店,大阪府大阪市北区角田町７‐１０ＨＥＰナビオ７Ｆ　ナビオダイニング,050-5347-5012,,,https://www.hotpepper.jp/strJ000711910/
メロンソーダ,460,カフェ・スイーツ,丸福珈琲店　HEPナビオ店,大阪府大阪市北区角田町７‐１０ＨＥＰナビオ７Ｆ　ナビオダイニング,050-5347-5012,,,https://www.hotpepper.jp/strJ000711910/
カルピス,460,カフェ・スイーツ,丸福珈琲店　HEPナビオ店,大阪府大阪市北区角田町７‐１０ＨＥＰナビオ７Ｆ　ナビオダイニング,050-5347-5012,,,https://www.hotpepper.jp/strJ000711910/
★珈琲、カフェオレ、紅茶、ティー・オレは各300円にておかわりをご用意させて頂きます。,300,カフェ・スイーツ,丸福珈琲店　HEPナビオ店,大阪府大阪市北区角田町７‐１０ＨＥＰナビオ７Ｆ　ナビオダイニング,050-5347-5012,,,https://www.hotpepper.jp/strJ000711910/
ビール,550,カフェ・スイーツ,丸福珈琲店　HEPナビオ店,大阪府大阪市北区角田町７‐１０ＨＥＰナビオ７Ｆ　ナビオダイニング,050-5347-5012,,,https://www.hotpepper.jp/strJ000711910/
ノンアルコールビール,450,カフェ・スイーツ,丸福珈琲店　HEPナビオ店,大阪府大阪市北区角田町７‐１０ＨＥＰナビオ７Ｆ　ナビオダイニング,050-5347-5012,,,https://www.hotpepper.jp/strJ000711910/
生ビール,750,居酒屋,博多　長浜やっさん,大阪府大阪市北区曽根崎新地１-5-4 岩伸スプレッド・ビル3F,050-5861-6781,,,https://www.hotpepper.jp/strJ003297165/
瓶ビール（大）,840,居酒屋,博多　長浜やっさん,大阪府大阪市北区曽根崎新地１-5-4 岩伸スプレッド・ビル3F,050-5861-6781,,,https://www.hotpepper.jp/strJ003297165/
日本酒（コップ）,660,居酒屋,博多　長浜やっさん,大阪府大阪市北区曽根崎新地１-5-4 岩伸スプレッド・ビル3F,050-5861-6781,,,https://www.hotpepper.jp/strJ003297165/
冷酒（小ビン）,1200～,居酒屋,博多　長浜やっさん,大阪府大阪市北区曽根崎新地１-5-4 岩伸スプレッド・ビル3F,050-5861-6781,,,https://www.hotpepper.jp/strJ003297165/
日本酒のみきり瓶,3300～,居酒屋,博多　長浜やっさん,大阪府大阪市北区曽根崎新地１-5-4 岩伸スプレッド・ビル3F,050-5861-6781,,,https://www.hotpepper.jp/strJ003297165/
（芋）山岳,800,居酒屋,博多　長浜やっさん,大阪府大阪市北区曽根崎新地１-5-4 岩伸スプレッド・ビル3F,050-5861-6781,,,https://www.hotpepper.jp/strJ003297165/
（芋）黒霧島,650,居酒屋,博多　長浜やっさん,大阪府大阪市北区曽根崎新地１-5-4 岩伸スプレッド・ビル3F,050-5861-6781,,,https://www.hotpepper.jp/strJ003297165/
（芋）かごしま,650,居酒屋,博多　長浜やっさん,大阪府大阪市北区曽根崎新地１-5-4 岩伸スプレッド・ビル3F,050-5861-6781,,,https://www.hotpepper.jp/strJ003297165/
（麦）しらんけん,650,居酒屋,博多　長浜やっさん,大阪府大阪市北区曽根崎新地１-5-4 岩伸スプレッド・ビル3F,050-5861-6781,,,https://www.hotpepper.jp/strJ003297165/
ワインボトル,3300～,居酒屋,博多　長浜やっさん,大阪府大阪市北区曽根崎新地１-5-4 岩伸スプレッド・ビル3F,050-5861-6781,,,https://www.hotpepper.jp/strJ003297165/
ハイボール（ブラックニッカ）,650,居酒屋,博多　長浜やっさん,大阪府大阪市北区曽根崎新地１-5-4 岩伸スプレッド・ビル3F,050-5861-6781,,,https://www.hotpepper.jp/strJ003297165/
酎ハイ,-,居酒屋,博多　長浜やっさん,大阪府大阪市北区曽根崎新地１-5-4 岩伸スプレッド・ビル3F,050-5861-6781,,,https://www.hotpepper.jp/strJ003297165/
カルピス,400,居酒屋,博多　長浜やっさん,大阪府大阪市北区曽根崎新地１-5-4 岩伸スプレッド・ビル3F,050-5861-6781,,,https://www.hotpepper.jp/strJ003297165/
ウーロン茶,400,居酒屋,博多　長浜やっさん,大阪府大阪市北区曽根崎新地１-5-4 岩伸スプレッド・ビル3F,050-5861-6781,,,https://www.hotpepper.jp/strJ003297165/
コーラ,400,居酒屋,博多　長浜やっさん,大阪府大阪市北区曽根崎新地１-5-4 岩伸スプレッド・ビル3F,050-5861-6781,,,https://www.hotpepper.jp/strJ003297165/
リモンチェッロトニック(トニック・ソーダ・ジンジャエール),550,イタリアン・フレンチ,イタリアンバル＆グリル　センバキッチン　北梅田,大阪府大阪市北区豊崎３－１４－９WBFビル１F,050-5280-1937,,,https://www.hotpepper.jp/strJ001127145/
ブランデースプリッツァー(パイナップル/オレンジ/アップル/ミックス),550,イタリアン・フレンチ,イタリアンバル＆グリル　センバキッチン　北梅田,大阪府大阪市北区豊崎３－１４－９WBFビル１F,050-5280-1937,,,https://www.hotpepper.jp/strJ001127145/
エビス生ビール,520,イタリアン・フレンチ,イタリアンバル＆グリル　センバキッチン　北梅田,大阪府大阪市北区豊崎３－１４－９WBFビル１F,050-5280-1937,,,https://www.hotpepper.jp/strJ001127145/
ライムビア/シャンディガフ/レッドアイ／カシスビア,630,イタリアン・フレンチ,イタリアンバル＆グリル　センバキッチン　北梅田,大阪府大阪市北区豊崎３－１４－９WBFビル１F,050-5280-1937,,,https://www.hotpepper.jp/strJ001127145/
アルコールフリー,520,イタリアン・フレンチ,イタリアンバル＆グリル　センバキッチン　北梅田,大阪府大阪市北区豊崎３－１４－９WBFビル１F,050-5280-1937,,,https://www.hotpepper.jp/strJ001127145/
【メーカーズマーク】ロック・ハイボール,630,イタリアン・フレンチ,イタリアンバル＆グリル　センバキッチン　北梅田,大阪府大阪市北区豊崎３－１４－９WBFビル１F,050-5280-1937,,,https://www.hotpepper.jp/strJ001127145/
【角】ロック・ハイボール/ジンジャーハイ/ピンクレモンハイ/コークハイ,550,イタリアン・フレンチ,イタリアンバル＆グリル　センバキッチン　北梅田,大阪府大阪市北区豊崎３－１４－９WBFビル１F,050-5280-1937,,,https://www.hotpepper.jp/strJ001127145/
サワー各種,520,イタリアン・フレンチ,イタリアンバル＆グリル　センバキッチン　北梅田,大阪府大阪市北区豊崎３－１４－９WBFビル１F,050-5280-1937,,,https://www.hotpepper.jp/strJ001127145/
★フルーツ生搾りサワー,‐,イタリアン・フレンチ,イタリアンバル＆グリル　センバキッチン　北梅田,大阪府大阪市北区豊崎３－１４－９WBFビル１F,050-5280-1937,,,https://www.hotpepper.jp/strJ001127145/
レモン/ピンクグレープフルーツ/オレンジ,640,イタリアン・フレンチ,イタリアンバル＆グリル　センバキッチン　北梅田,大阪府大阪市北区豊崎３－１４－９WBFビル１F,050-5280-1937,,,https://www.hotpepper.jp/strJ001127145/
【ジン】ギルビーズジン,‐,イタリアン・フレンチ,イタリアンバル＆グリル　センバキッチン　北梅田,大阪府大阪市北区豊崎３－１４－９WBFビル１F,050-5280-1937,,,https://www.hotpepper.jp/strJ001127145/
【ウォッカ】ギルビーズウォッカ,‐,イタリアン・フレンチ,イタリアンバル＆グリル　センバキッチン　北梅田,大阪府大阪市北区豊崎３－１４－９WBFビル１F,050-5280-1937,,,https://www.hotpepper.jp/strJ001127145/
【ラム】バカルディラム,‐,イタリアン・フレンチ,イタリアンバル＆グリル　センバキッチン　北梅田,大阪府大阪市北区豊崎３－１４－９WBFビル１F,050-5280-1937,,,https://www.hotpepper.jp/strJ001127145/
【テキーラ】クエルボゴールド,‐,イタリアン・フレンチ,イタリアンバル＆グリル　センバキッチン　北梅田,大阪府大阪市北区豊崎３－１４－９WBFビル１F,050-5280-1937,,,https://www.hotpepper.jp/strJ001127145/
【リキュール】カシス,‐,イタリアン・フレンチ,イタリアンバル＆グリル　センバキッチン　北梅田,大阪府大阪市北区豊崎３－１４－９WBFビル１F,050-5280-1937,,,https://www.hotpepper.jp/strJ001127145/
【リキュール】ピーチ,‐,イタリアン・フレンチ,イタリアンバル＆グリル　センバキッチン　北梅田,大阪府大阪市北区豊崎３－１４－９WBFビル１F,050-5280-1937,,,https://www.hotpepper.jp/strJ001127145/
【リキュール】マリブ,‐,イタリアン・フレンチ,イタリアンバル＆グリル　センバキッチン　北梅田,大阪府大阪市北区豊崎３－１４－９WBFビル１F,050-5280-1937,,,https://www.hotpepper.jp/strJ001127145/
【リキュール】マンゴー,‐,イタリアン・フレンチ,イタリアンバル＆グリル　センバキッチン　北梅田,大阪府大阪市北区豊崎３－１４－９WBFビル１F,050-5280-1937,,,https://www.hotpepper.jp/strJ001127145/
【リキュール】ライチ,‐,イタリアン・フレンチ,イタリアンバル＆グリル　センバキッチン　北梅田,大阪府大阪市北区豊崎３－１４－９WBFビル１F,050-5280-1937,,,https://www.hotpepper.jp/strJ001127145/
※お好きな組み合わせをお申し付けください。,各種550税込(内税),イタリアン・フレンチ,イタリアンバル＆グリル　センバキッチン　北梅田,大阪府大阪市北区豊崎３－１４－９WBFビル１F,050-5280-1937,,,https://www.hotpepper.jp/strJ001127145/
★ジャーカクテル,‐,イタリアン・フレンチ,イタリアンバル＆グリル　センバキッチン　北梅田,大阪府大阪市北区豊崎３－１４－９WBFビル１F,050-5280-1937,,,https://www.hotpepper.jp/strJ001127145/
バカルディモヒート／レモンモヒート／カシスモヒート,780,イタリアン・フレンチ,イタリアンバル＆グリル　センバキッチン　北梅田,大阪府大阪市北区豊崎３－１４－９WBFビル１F,050-5280-1937,,,https://www.hotpepper.jp/strJ001127145/
フルーツピンクレモンカシス／フルーツカシスオレンジ／フルーツカシスグレープ,780,イタリアン・フレンチ,イタリアンバル＆グリル　センバキッチン　北梅田,大阪府大阪市北区豊崎３－１４－９WBFビル１F,050-5280-1937,,,https://www.hotpepper.jp/strJ001127145/
サングリア(赤・白),650,イタリアン・フレンチ,イタリアンバル＆グリル　センバキッチン　北梅田,大阪府大阪市北区豊崎３－１４－９WBFビル１F,050-5280-1937,,,https://www.hotpepper.jp/strJ001127145/
パインサングリア/マンゴーサングリア,650,イタリアン・フレンチ,イタリアンバル＆グリル　センバキッチン　北梅田,大阪府大阪市北区豊崎３－１４－９WBFビル１F,050-5280-1937,,,https://www.hotpepper.jp/strJ001127145/
フルーツスパークリングワイン(いちご／マンゴー／キウイ),750,イタリアン・フレンチ,イタリアンバル＆グリル　センバキッチン　北梅田,大阪府大阪市北区豊崎３－１４－９WBFビル１F,050-5280-1937,,,https://www.hotpepper.jp/strJ001127145/
なみなみスパークリング,650,イタリアン・フレンチ,イタリアンバル＆グリル　センバキッチン　北梅田,大阪府大阪市北区豊崎３－１４－９WBFビル１F,050-5280-1937,,,https://www.hotpepper.jp/strJ001127145/
麦焼酎(和ら麦),520,イタリアン・フレンチ,イタリアンバル＆グリル　センバキッチン　北梅田,大阪府大阪市北区豊崎３－１４－９WBFビル１F,050-5280-1937,,,https://www.hotpepper.jp/strJ001127145/
芋焼酎(からり芋),520,イタリアン・フレンチ,イタリアンバル＆グリル　センバキッチン　北梅田,大阪府大阪市北区豊崎３－１４－９WBFビル１F,050-5280-1937,,,https://www.hotpepper.jp/strJ001127145/
南高梅酒,520,イタリアン・フレンチ,イタリアンバル＆グリル　センバキッチン　北梅田,大阪府大阪市北区豊崎３－１４－９WBFビル１F,050-5280-1937,,,https://www.hotpepper.jp/strJ001127145/
10種の品揃え,2750～,イタリアン・フレンチ,イタリアンバル＆グリル　センバキッチン　北梅田,大阪府大阪市北区豊崎３－１４－９WBFビル１F,050-5280-1937,,,https://www.hotpepper.jp/strJ001127145/
10種の品揃え,2750～,イタリアン・フレンチ,イタリアンバル＆グリル　センバキッチン　北梅田,大阪府大阪市北区豊崎３－１４－９WBFビル１F,050-5280-1937,,,https://www.hotpepper.jp/strJ001127145/
イタリアンソーダ(イチゴ ・マンゴー ・キウイ),680,イタリアン・フレンチ,イタリアンバル＆グリル　センバキッチン　北梅田,大阪府大阪市北区豊崎３－１４－９WBFビル１F,050-5280-1937,,,https://www.hotpepper.jp/strJ001127145/
南国トロピカル／ベリーベリーレモネード／シャーリーテンプル,630,イタリアン・フレンチ,イタリアンバル＆グリル　センバキッチン　北梅田,大阪府大阪市北区豊崎３－１４－９WBFビル１F,050-5280-1937,,,https://www.hotpepper.jp/strJ001127145/
ソフトドリンク各種,450,イタリアン・フレンチ,イタリアンバル＆グリル　センバキッチン　北梅田,大阪府大阪市北区豊崎３－１４－９WBFビル１F,050-5280-1937,,,https://www.hotpepper.jp/strJ001127145/
ブレンドコーヒー(H/I),600,カフェ・スイーツ,KAMIYAMA　lobby,大阪府大阪市北区神山町2-5　1F,050-5449-4048,,,https://www.hotpepper.jp/strJ001230845/
エスプレッソ（single/double）,-,カフェ・スイーツ,KAMIYAMA　lobby,大阪府大阪市北区神山町2-5　1F,050-5449-4048,,,https://www.hotpepper.jp/strJ001230845/
カフェラテ(H/I),600,カフェ・スイーツ,KAMIYAMA　lobby,大阪府大阪市北区神山町2-5　1F,050-5449-4048,,,https://www.hotpepper.jp/strJ001230845/
カフェモカ（H/I）,700,カフェ・スイーツ,KAMIYAMA　lobby,大阪府大阪市北区神山町2-5　1F,050-5449-4048,,,https://www.hotpepper.jp/strJ001230845/
キャラメルラテ（H/I）,700,カフェ・スイーツ,KAMIYAMA　lobby,大阪府大阪市北区神山町2-5　1F,050-5449-4048,,,https://www.hotpepper.jp/strJ001230845/
コーヒーフロート,900,カフェ・スイーツ,KAMIYAMA　lobby,大阪府大阪市北区神山町2-5　1F,050-5449-4048,,,https://www.hotpepper.jp/strJ001230845/
ダージリン,500,カフェ・スイーツ,KAMIYAMA　lobby,大阪府大阪市北区神山町2-5　1F,050-5449-4048,,,https://www.hotpepper.jp/strJ001230845/
/アッサム/スパイスチャイ,500,カフェ・スイーツ,KAMIYAMA　lobby,大阪府大阪市北区神山町2-5　1F,050-5449-4048,,,https://www.hotpepper.jp/strJ001230845/
ベルガモットピーチ,500,カフェ・スイーツ,KAMIYAMA　lobby,大阪府大阪市北区神山町2-5　1F,050-5449-4048,,,https://www.hotpepper.jp/strJ001230845/
生姜ほうじ茶,500,カフェ・スイーツ,KAMIYAMA　lobby,大阪府大阪市北区神山町2-5　1F,050-5449-4048,,,https://www.hotpepper.jp/strJ001230845/
神山オリジナルハーブティー（H/I）,700,カフェ・スイーツ,KAMIYAMA　lobby,大阪府大阪市北区神山町2-5　1F,050-5449-4048,,,https://www.hotpepper.jp/strJ001230845/
フィールリラックス　アサイーベリー,600,カフェ・スイーツ,KAMIYAMA　lobby,大阪府大阪市北区神山町2-5　1F,050-5449-4048,,,https://www.hotpepper.jp/strJ001230845/
日本一こだわり卵を使った濃厚ミルクセーキ,900,カフェ・スイーツ,KAMIYAMA　lobby,大阪府大阪市北区神山町2-5　1F,050-5449-4048,,,https://www.hotpepper.jp/strJ001230845/
神山ミルクセーキ　,1300,カフェ・スイーツ,KAMIYAMA　lobby,大阪府大阪市北区神山町2-5　1F,050-5449-4048,,,https://www.hotpepper.jp/strJ001230845/
オレンジ/グレープフルーツ/アップル,600,カフェ・スイーツ,KAMIYAMA　lobby,大阪府大阪市北区神山町2-5　1F,050-5449-4048,,,https://www.hotpepper.jp/strJ001230845/
神山すだちサイダー,500,カフェ・スイーツ,KAMIYAMA　lobby,大阪府大阪市北区神山町2-5　1F,050-5449-4048,,,https://www.hotpepper.jp/strJ001230845/
コーラ/ダイエットコーラ/ジンジャエール/カルピスソーダ,500,カフェ・スイーツ,KAMIYAMA　lobby,大阪府大阪市北区神山町2-5　1F,050-5449-4048,,,https://www.hotpepper.jp/strJ001230845/
ミネラルウォーター(ノンガス/ガス),500,カフェ・スイーツ,KAMIYAMA　lobby,大阪府大阪市北区神山町2-5　1F,050-5449-4048,,,https://www.hotpepper.jp/strJ001230845/
カールスバーグ,700,カフェ・スイーツ,KAMIYAMA　lobby,大阪府大阪市北区神山町2-5　1F,050-5449-4048,,,https://www.hotpepper.jp/strJ001230845/
ギネス<エクストラスタウト>,900,カフェ・スイーツ,KAMIYAMA　lobby,大阪府大阪市北区神山町2-5　1F,050-5449-4048,,,https://www.hotpepper.jp/strJ001230845/
ヒューガルデンホワイト,900,カフェ・スイーツ,KAMIYAMA　lobby,大阪府大阪市北区神山町2-5　1F,050-5449-4048,,,https://www.hotpepper.jp/strJ001230845/
コロナエクストラ,700,カフェ・スイーツ,KAMIYAMA　lobby,大阪府大阪市北区神山町2-5　1F,050-5449-4048,,,https://www.hotpepper.jp/strJ001230845/
青島ビール,600,カフェ・スイーツ,KAMIYAMA　lobby,大阪府大阪市北区神山町2-5　1F,050-5449-4048,,,https://www.hotpepper.jp/strJ001230845/
神山オリジナル　レモンサワー　,550,カフェ・スイーツ,KAMIYAMA　lobby,大阪府大阪市北区神山町2-5　1F,050-5449-4048,,,https://www.hotpepper.jp/strJ001230845/
かみのやま スパークリング白,650,カフェ・スイーツ,KAMIYAMA　lobby,大阪府大阪市北区神山町2-5　1F,050-5449-4048,,,https://www.hotpepper.jp/strJ001230845/
ヴィラ　ブランシュ　ソーヴィニヨンブラン,700,カフェ・スイーツ,KAMIYAMA　lobby,大阪府大阪市北区神山町2-5　1F,050-5449-4048,,,https://www.hotpepper.jp/strJ001230845/
ラ　ヴィエイユ　フェルム　ルージュ,600,カフェ・スイーツ,KAMIYAMA　lobby,大阪府大阪市北区神山町2-5　1F,050-5449-4048,,,https://www.hotpepper.jp/strJ001230845/
ヴィラ　ブランシュ　ピノノワール,700,カフェ・スイーツ,KAMIYAMA　lobby,大阪府大阪市北区神山町2-5　1F,050-5449-4048,,,https://www.hotpepper.jp/strJ001230845/
ル　バロン　ド　マルレ　リュットレゾネ,800,カフェ・スイーツ,KAMIYAMA　lobby,大阪府大阪市北区神山町2-5　1F,050-5449-4048,,,https://www.hotpepper.jp/strJ001230845/
久保田千寿（新潟）,900,和食,新どおぞの,大阪府大阪市北区曽根崎新地１‐５‐９ ＲＥＸビル３Ｆ,06-6345-5771,,,https://www.hotpepper.jp/strJ000740040/
八海山（新潟）,900,和食,新どおぞの,大阪府大阪市北区曽根崎新地１‐５‐９ ＲＥＸビル３Ｆ,06-6345-5771,,,https://www.hotpepper.jp/strJ000740040/
正雪（静岡）,900,和食,新どおぞの,大阪府大阪市北区曽根崎新地１‐５‐９ ＲＥＸビル３Ｆ,06-6345-5771,,,https://www.hotpepper.jp/strJ000740040/
酔鯨（高知）,900,和食,新どおぞの,大阪府大阪市北区曽根崎新地１‐５‐９ ＲＥＸビル３Ｆ,06-6345-5771,,,https://www.hotpepper.jp/strJ000740040/
〆張鶴（新潟）,900,和食,新どおぞの,大阪府大阪市北区曽根崎新地１‐５‐９ ＲＥＸビル３Ｆ,06-6345-5771,,,https://www.hotpepper.jp/strJ000740040/
炭屋弥兵衛（岡山）,900,和食,新どおぞの,大阪府大阪市北区曽根崎新地１‐５‐９ ＲＥＸビル３Ｆ,06-6345-5771,,,https://www.hotpepper.jp/strJ000740040/
天狗舞（石川）,900,和食,新どおぞの,大阪府大阪市北区曽根崎新地１‐５‐９ ＲＥＸビル３Ｆ,06-6345-5771,,,https://www.hotpepper.jp/strJ000740040/
呉春　特吟（大阪）,900,和食,新どおぞの,大阪府大阪市北区曽根崎新地１‐５‐９ ＲＥＸビル３Ｆ,06-6345-5771,,,https://www.hotpepper.jp/strJ000740040/
春鹿超辛口（奈良）,900,和食,新どおぞの,大阪府大阪市北区曽根崎新地１‐５‐９ ＲＥＸビル３Ｆ,06-6345-5771,,,https://www.hotpepper.jp/strJ000740040/
洗心（純米大吟醸・新潟）,8900,和食,新どおぞの,大阪府大阪市北区曽根崎新地１‐５‐９ ＲＥＸビル３Ｆ,06-6345-5771,,,https://www.hotpepper.jp/strJ000740040/
蓬莱泉　空（純米大吟醸・愛知）,6500,和食,新どおぞの,大阪府大阪市北区曽根崎新地１‐５‐９ ＲＥＸビル３Ｆ,06-6345-5771,,,https://www.hotpepper.jp/strJ000740040/
丸平次（大吟醸・愛知）,4800,和食,新どおぞの,大阪府大阪市北区曽根崎新地１‐５‐９ ＲＥＸビル３Ｆ,06-6345-5771,,,https://www.hotpepper.jp/strJ000740040/
おんな泣かせ (純米大吟醸・静岡) ,4500,和食,新どおぞの,大阪府大阪市北区曽根崎新地１‐５‐９ ＲＥＸビル３Ｆ,06-6345-5771,,,https://www.hotpepper.jp/strJ000740040/
真澄　夢殿（大吟醸・長野）,8500,和食,新どおぞの,大阪府大阪市北区曽根崎新地１‐５‐９ ＲＥＸビル３Ｆ,06-6345-5771,,,https://www.hotpepper.jp/strJ000740040/
久保田　萬寿（純米大吟醸・新潟）,6500,和食,新どおぞの,大阪府大阪市北区曽根崎新地１‐５‐９ ＲＥＸビル３Ｆ,06-6345-5771,,,https://www.hotpepper.jp/strJ000740040/
浦霞　禅（純米大吟醸・宮城）,4800,和食,新どおぞの,大阪府大阪市北区曽根崎新地１‐５‐９ ＲＥＸビル３Ｆ,06-6345-5771,,,https://www.hotpepper.jp/strJ000740040/
奥播磨（純米吟醸・兵庫）,3600,和食,新どおぞの,大阪府大阪市北区曽根崎新地１‐５‐９ ＲＥＸビル３Ｆ,06-6345-5771,,,https://www.hotpepper.jp/strJ000740040/
爆弾ハナタレ,1000,和食,新どおぞの,大阪府大阪市北区曽根崎新地１‐５‐９ ＲＥＸビル３Ｆ,06-6345-5771,,,https://www.hotpepper.jp/strJ000740040/
くじら,700,和食,新どおぞの,大阪府大阪市北区曽根崎新地１‐５‐９ ＲＥＸビル３Ｆ,06-6345-5771,,,https://www.hotpepper.jp/strJ000740040/
天使の誘惑,800,和食,新どおぞの,大阪府大阪市北区曽根崎新地１‐５‐９ ＲＥＸビル３Ｆ,06-6345-5771,,,https://www.hotpepper.jp/strJ000740040/
刀,700,和食,新どおぞの,大阪府大阪市北区曽根崎新地１‐５‐９ ＲＥＸビル３Ｆ,06-6345-5771,,,https://www.hotpepper.jp/strJ000740040/
赤兎馬,700,和食,新どおぞの,大阪府大阪市北区曽根崎新地１‐５‐９ ＲＥＸビル３Ｆ,06-6345-5771,,,https://www.hotpepper.jp/strJ000740040/
宝山　芋麹全量,800,和食,新どおぞの,大阪府大阪市北区曽根崎新地１‐５‐９ ＲＥＸビル３Ｆ,06-6345-5771,,,https://www.hotpepper.jp/strJ000740040/
富乃宝山,700,和食,新どおぞの,大阪府大阪市北区曽根崎新地１‐５‐９ ＲＥＸビル３Ｆ,06-6345-5771,,,https://www.hotpepper.jp/strJ000740040/
万暦,1000,和食,新どおぞの,大阪府大阪市北区曽根崎新地１‐５‐９ ＲＥＸビル３Ｆ,06-6345-5771,,,https://www.hotpepper.jp/strJ000740040/
吉兆宝山,700,和食,新どおぞの,大阪府大阪市北区曽根崎新地１‐５‐９ ＲＥＸビル３Ｆ,06-6345-5771,,,https://www.hotpepper.jp/strJ000740040/
黒霧島,600,和食,新どおぞの,大阪府大阪市北区曽根崎新地１‐５‐９ ＲＥＸビル３Ｆ,06-6345-5771,,,https://www.hotpepper.jp/strJ000740040/
中々,700,和食,新どおぞの,大阪府大阪市北区曽根崎新地１‐５‐９ ＲＥＸビル３Ｆ,06-6345-5771,,,https://www.hotpepper.jp/strJ000740040/
兼八,800,和食,新どおぞの,大阪府大阪市北区曽根崎新地１‐５‐９ ＲＥＸビル３Ｆ,06-6345-5771,,,https://www.hotpepper.jp/strJ000740040/
赤霧島,700,和食,新どおぞの,大阪府大阪市北区曽根崎新地１‐５‐９ ＲＥＸビル３Ｆ,06-6345-5771,,,https://www.hotpepper.jp/strJ000740040/
明るい農村,700,和食,新どおぞの,大阪府大阪市北区曽根崎新地１‐５‐９ ＲＥＸビル３Ｆ,06-6345-5771,,,https://www.hotpepper.jp/strJ000740040/
すっぽん,700,和食,新どおぞの,大阪府大阪市北区曽根崎新地１‐５‐９ ＲＥＸビル３Ｆ,06-6345-5771,,,https://www.hotpepper.jp/strJ000740040/
菊乃露,600,和食,新どおぞの,大阪府大阪市北区曽根崎新地１‐５‐９ ＲＥＸビル３Ｆ,06-6345-5771,,,https://www.hotpepper.jp/strJ000740040/
多良川,800,和食,新どおぞの,大阪府大阪市北区曽根崎新地１‐５‐９ ＲＥＸビル３Ｆ,06-6345-5771,,,https://www.hotpepper.jp/strJ000740040/
琉球古酒,600,和食,新どおぞの,大阪府大阪市北区曽根崎新地１‐５‐９ ＲＥＸビル３Ｆ,06-6345-5771,,,https://www.hotpepper.jp/strJ000740040/
残波,600,和食,新どおぞの,大阪府大阪市北区曽根崎新地１‐５‐９ ＲＥＸビル３Ｆ,06-6345-5771,,,https://www.hotpepper.jp/strJ000740040/
【赤】カリュアド・ド・ラフィット,11000,和食,新どおぞの,大阪府大阪市北区曽根崎新地１‐５‐９ ＲＥＸビル３Ｆ,06-6345-5771,,,https://www.hotpepper.jp/strJ000740040/
【赤】サルジェ・ド・グリュオー・ラローズ,6500,和食,新どおぞの,大阪府大阪市北区曽根崎新地１‐５‐９ ＲＥＸビル３Ｆ,06-6345-5771,,,https://www.hotpepper.jp/strJ000740040/
【赤】ジュヴィレ・シャンベルタン・クロド・ラ・ジャスティス,9800,和食,新どおぞの,大阪府大阪市北区曽根崎新地１‐５‐９ ＲＥＸビル３Ｆ,06-6345-5771,,,https://www.hotpepper.jp/strJ000740040/
【赤】モンテス・アルファ・カベルネソーヴィニヨン,4800,和食,新どおぞの,大阪府大阪市北区曽根崎新地１‐５‐９ ＲＥＸビル３Ｆ,06-6345-5771,,,https://www.hotpepper.jp/strJ000740040/
【赤】ロバート・モンダヴィ・プライベート・セレクション・カベルネソーヴィニヨン,ハーフ2700,和食,新どおぞの,大阪府大阪市北区曽根崎新地１‐５‐９ ＲＥＸビル３Ｆ,06-6345-5771,,,https://www.hotpepper.jp/strJ000740040/
【白】シャブリ,6000,和食,新どおぞの,大阪府大阪市北区曽根崎新地１‐５‐９ ＲＥＸビル３Ｆ,06-6345-5771,,,https://www.hotpepper.jp/strJ000740040/
【白】モンテス・アルファ・シャルドネ,4800,和食,新どおぞの,大阪府大阪市北区曽根崎新地１‐５‐９ ＲＥＸビル３Ｆ,06-6345-5771,,,https://www.hotpepper.jp/strJ000740040/
【白】ロバート・モンタヴィ・プライベート・セレクション・シャルドネ,ハーフ2700,和食,新どおぞの,大阪府大阪市北区曽根崎新地１‐５‐９ ＲＥＸビル３Ｆ,06-6345-5771,,,https://www.hotpepper.jp/strJ000740040/
【シャンパン】ルイ・ロデレール　BRUT,ハーフ4500・8000,和食,新どおぞの,大阪府大阪市北区曽根崎新地１‐５‐９ ＲＥＸビル３Ｆ,06-6345-5771,,,https://www.hotpepper.jp/strJ000740040/
和楽互尊　本醸造,１合マス８００,和食,リトルボン,大阪府大阪市北区曽根崎新地１-5-7　梅ばちビル２F,06-6347-1080,,,https://www.hotpepper.jp/strJ001160964/
白龍　辛口,１合マス８００,和食,リトルボン,大阪府大阪市北区曽根崎新地１-5-7　梅ばちビル２F,06-6347-1080,,,https://www.hotpepper.jp/strJ001160964/
麒麟山　伝統の辛口,１合マス８００,和食,リトルボン,大阪府大阪市北区曽根崎新地１-5-7　梅ばちビル２F,06-6347-1080,,,https://www.hotpepper.jp/strJ001160964/
越乃寒梅　灑(さい),１合マス１３００,和食,リトルボン,大阪府大阪市北区曽根崎新地１-5-7　梅ばちビル２F,06-6347-1080,,,https://www.hotpepper.jp/strJ001160964/
田友　純米吟醸,ボトル５５００,和食,リトルボン,大阪府大阪市北区曽根崎新地１-5-7　梅ばちビル２F,06-6347-1080,,,https://www.hotpepper.jp/strJ001160964/
亀の翁,ボトル８５００,和食,リトルボン,大阪府大阪市北区曽根崎新地１-5-7　梅ばちビル２F,06-6347-1080,,,https://www.hotpepper.jp/strJ001160964/
越後ビール,1000,和食,リトルボン,大阪府大阪市北区曽根崎新地１-5-7　梅ばちビル２F,06-6347-1080,,,https://www.hotpepper.jp/strJ001160964/
八海山　よろしく千萬あるべし,ボトル4200,和食,リトルボン,大阪府大阪市北区曽根崎新地１-5-7　梅ばちビル２F,06-6347-1080,,,https://www.hotpepper.jp/strJ001160964/
越後の本格焼酎　コシヒカリ,ボトル　2800,和食,リトルボン,大阪府大阪市北区曽根崎新地１-5-7　梅ばちビル２F,06-6347-1080,,,https://www.hotpepper.jp/strJ001160964/
雪の新潟　どっこん水,500,和食,リトルボン,大阪府大阪市北区曽根崎新地１-5-7　梅ばちビル２F,06-6347-1080,,,https://www.hotpepper.jp/strJ001160964/
村上茶,500,和食,リトルボン,大阪府大阪市北区曽根崎新地１-5-7　梅ばちビル２F,06-6347-1080,,,https://www.hotpepper.jp/strJ001160964/
各種,-,イタリアン・フレンチ,スタンドシャン食　OSAKA北新地　Champagne & GYOZA BAR　tokyo awa gyoza,大阪府大阪市北区曽根崎新地１-5-9　谷安プレジールビル 1F,050-5815-1147,,,https://www.hotpepper.jp/strJ001131454/
久保田千寿（新潟）,900,和食,どおぞの,大阪府大阪市北区曽根崎新地１‐５‐６　新地ＶＩＰビル１Ｆ,06-6345-5221,,,https://www.hotpepper.jp/strJ000014020/
八海山（新潟）,900,和食,どおぞの,大阪府大阪市北区曽根崎新地１‐５‐６　新地ＶＩＰビル１Ｆ,06-6345-5221,,,https://www.hotpepper.jp/strJ000014020/
正雪（静岡）,900,和食,どおぞの,大阪府大阪市北区曽根崎新地１‐５‐６　新地ＶＩＰビル１Ｆ,06-6345-5221,,,https://www.hotpepper.jp/strJ000014020/
酔鯨（高知）,900,和食,どおぞの,大阪府大阪市北区曽根崎新地１‐５‐６　新地ＶＩＰビル１Ｆ,06-6345-5221,,,https://www.hotpepper.jp/strJ000014020/
〆張鶴（新潟）,900,和食,どおぞの,大阪府大阪市北区曽根崎新地１‐５‐６　新地ＶＩＰビル１Ｆ,06-6345-5221,,,https://www.hotpepper.jp/strJ000014020/
炭屋弥兵衛（岡山）,900,和食,どおぞの,大阪府大阪市北区曽根崎新地１‐５‐６　新地ＶＩＰビル１Ｆ,06-6345-5221,,,https://www.hotpepper.jp/strJ000014020/
天狗舞（石川）,900,和食,どおぞの,大阪府大阪市北区曽根崎新地１‐５‐６　新地ＶＩＰビル１Ｆ,06-6345-5221,,,https://www.hotpepper.jp/strJ000014020/
呉春　特吟（大阪）,900,和食,どおぞの,大阪府大阪市北区曽根崎新地１‐５‐６　新地ＶＩＰビル１Ｆ,06-6345-5221,,,https://www.hotpepper.jp/strJ000014020/
春鹿超辛口（奈良）,900,和食,どおぞの,大阪府大阪市北区曽根崎新地１‐５‐６　新地ＶＩＰビル１Ｆ,06-6345-5221,,,https://www.hotpepper.jp/strJ000014020/
洗心（純米大吟醸・新潟）,8900,和食,どおぞの,大阪府大阪市北区曽根崎新地１‐５‐６　新地ＶＩＰビル１Ｆ,06-6345-5221,,,https://www.hotpepper.jp/strJ000014020/
蓬莱泉　空（純米大吟醸・愛知）,6500,和食,どおぞの,大阪府大阪市北区曽根崎新地１‐５‐６　新地ＶＩＰビル１Ｆ,06-6345-5221,,,https://www.hotpepper.jp/strJ000014020/
丸平次（大吟醸・愛知）,4800,和食,どおぞの,大阪府大阪市北区曽根崎新地１‐５‐６　新地ＶＩＰビル１Ｆ,06-6345-5221,,,https://www.hotpepper.jp/strJ000014020/
おんな泣かせ (純米大吟醸・静岡) ,4500,和食,どおぞの,大阪府大阪市北区曽根崎新地１‐５‐６　新地ＶＩＰビル１Ｆ,06-6345-5221,,,https://www.hotpepper.jp/strJ000014020/
真澄　夢殿（大吟醸・長野）,8500,和食,どおぞの,大阪府大阪市北区曽根崎新地１‐５‐６　新地ＶＩＰビル１Ｆ,06-6345-5221,,,https://www.hotpepper.jp/strJ000014020/
久保田　萬寿（純米大吟醸・新潟）,6500,和食,どおぞの,大阪府大阪市北区曽根崎新地１‐５‐６　新地ＶＩＰビル１Ｆ,06-6345-5221,,,https://www.hotpepper.jp/strJ000014020/
浦霞　禅（純米大吟醸・宮城）,4800,和食,どおぞの,大阪府大阪市北区曽根崎新地１‐５‐６　新地ＶＩＰビル１Ｆ,06-6345-5221,,,https://www.hotpepper.jp/strJ000014020/
奥播磨（純米吟醸・兵庫）,3600,和食,どおぞの,大阪府大阪市北区曽根崎新地１‐５‐６　新地ＶＩＰビル１Ｆ,06-6345-5221,,,https://www.hotpepper.jp/strJ000014020/
爆弾ハナタレ,1000,和食,どおぞの,大阪府大阪市北区曽根崎新地１‐５‐６　新地ＶＩＰビル１Ｆ,06-6345-5221,,,https://www.hotpepper.jp/strJ000014020/
くじら,700,和食,どおぞの,大阪府大阪市北区曽根崎新地１‐５‐６　新地ＶＩＰビル１Ｆ,06-6345-5221,,,https://www.hotpepper.jp/strJ000014020/
天使の誘惑,800,和食,どおぞの,大阪府大阪市北区曽根崎新地１‐５‐６　新地ＶＩＰビル１Ｆ,06-6345-5221,,,https://www.hotpepper.jp/strJ000014020/
刀,700,和食,どおぞの,大阪府大阪市北区曽根崎新地１‐５‐６　新地ＶＩＰビル１Ｆ,06-6345-5221,,,https://www.hotpepper.jp/strJ000014020/
赤兎馬,700,和食,どおぞの,大阪府大阪市北区曽根崎新地１‐５‐６　新地ＶＩＰビル１Ｆ,06-6345-5221,,,https://www.hotpepper.jp/strJ000014020/
宝山　芋麹全量,800,和食,どおぞの,大阪府大阪市北区曽根崎新地１‐５‐６　新地ＶＩＰビル１Ｆ,06-6345-5221,,,https://www.hotpepper.jp/strJ000014020/
富乃宝山,700,和食,どおぞの,大阪府大阪市北区曽根崎新地１‐５‐６　新地ＶＩＰビル１Ｆ,06-6345-5221,,,https://www.hotpepper.jp/strJ000014020/
万暦,1000,和食,どおぞの,大阪府大阪市北区曽根崎新地１‐５‐６　新地ＶＩＰビル１Ｆ,06-6345-5221,,,https://www.hotpepper.jp/strJ000014020/
吉兆宝山,700,和食,どおぞの,大阪府大阪市北区曽根崎新地１‐５‐６　新地ＶＩＰビル１Ｆ,06-6345-5221,,,https://www.hotpepper.jp/strJ000014020/
黒霧島,600,和食,どおぞの,大阪府大阪市北区曽根崎新地１‐５‐６　新地ＶＩＰビル１Ｆ,06-6345-5221,,,https://www.hotpepper.jp/strJ000014020/
中々,700,和食,どおぞの,大阪府大阪市北区曽根崎新地１‐５‐６　新地ＶＩＰビル１Ｆ,06-6345-5221,,,https://www.hotpepper.jp/strJ000014020/
兼八,800,和食,どおぞの,大阪府大阪市北区曽根崎新地１‐５‐６　新地ＶＩＰビル１Ｆ,06-6345-5221,,,https://www.hotpepper.jp/strJ000014020/
赤霧島,700,和食,どおぞの,大阪府大阪市北区曽根崎新地１‐５‐６　新地ＶＩＰビル１Ｆ,06-6345-5221,,,https://www.hotpepper.jp/strJ000014020/
明るい農村,700,和食,どおぞの,大阪府大阪市北区曽根崎新地１‐５‐６　新地ＶＩＰビル１Ｆ,06-6345-5221,,,https://www.hotpepper.jp/strJ000014020/
すっぽん,700,和食,どおぞの,大阪府大阪市北区曽根崎新地１‐５‐６　新地ＶＩＰビル１Ｆ,06-6345-5221,,,https://www.hotpepper.jp/strJ000014020/
菊乃露,600,和食,どおぞの,大阪府大阪市北区曽根崎新地１‐５‐６　新地ＶＩＰビル１Ｆ,06-6345-5221,,,https://www.hotpepper.jp/strJ000014020/
多良川,800,和食,どおぞの,大阪府大阪市北区曽根崎新地１‐５‐６　新地ＶＩＰビル１Ｆ,06-6345-5221,,,https://www.hotpepper.jp/strJ000014020/
琉球古酒,600,和食,どおぞの,大阪府大阪市北区曽根崎新地１‐５‐６　新地ＶＩＰビル１Ｆ,06-6345-5221,,,https://www.hotpepper.jp/strJ000014020/
残波,600,和食,どおぞの,大阪府大阪市北区曽根崎新地１‐５‐６　新地ＶＩＰビル１Ｆ,06-6345-5221,,,https://www.hotpepper.jp/strJ000014020/
【赤】カリュアド・ド・ラフィット,11000,和食,どおぞの,大阪府大阪市北区曽根崎新地１‐５‐６　新地ＶＩＰビル１Ｆ,06-6345-5221,,,https://www.hotpepper.jp/strJ000014020/
【赤】サルジェ・ド・グリュオー・ラローズ,6500,和食,どおぞの,大阪府大阪市北区曽根崎新地１‐５‐６　新地ＶＩＰビル１Ｆ,06-6345-5221,,,https://www.hotpepper.jp/strJ000014020/
【赤】ジュヴィレ・シャンベルタン・クロド・ラ・ジャスティス,9800,和食,どおぞの,大阪府大阪市北区曽根崎新地１‐５‐６　新地ＶＩＰビル１Ｆ,06-6345-5221,,,https://www.hotpepper.jp/strJ000014020/
【赤】モンテス・アルファ・カベルネソーヴィニヨン,4800,和食,どおぞの,大阪府大阪市北区曽根崎新地１‐５‐６　新地ＶＩＰビル１Ｆ,06-6345-5221,,,https://www.hotpepper.jp/strJ000014020/
【赤】ロバート・モンダヴィ・プライベート・セレクション・カベルネソーヴィニヨン,ハーフ2700,和食,どおぞの,大阪府大阪市北区曽根崎新地１‐５‐６　新地ＶＩＰビル１Ｆ,06-6345-5221,,,https://www.hotpepper.jp/strJ000014020/
【白】シャブリ,6000,和食,どおぞの,大阪府大阪市北区曽根崎新地１‐５‐６　新地ＶＩＰビル１Ｆ,06-6345-5221,,,https://www.hotpepper.jp/strJ000014020/
【白】モンテス・アルファ・シャルドネ,4800,和食,どおぞの,大阪府大阪市北区曽根崎新地１‐５‐６　新地ＶＩＰビル１Ｆ,06-6345-5221,,,https://www.hotpepper.jp/strJ000014020/
【白】ロバート・モンタヴィ・プライベート・セレクション・シャルドネ,ハーフ2700,和食,どおぞの,大阪府大阪市北区曽根崎新地１‐５‐６　新地ＶＩＰビル１Ｆ,06-6345-5221,,,https://www.hotpepper.jp/strJ000014020/
【シャンパン】ルイ・ロデレール　BRUT,ハーフ4500・8000,和食,どおぞの,大阪府大阪市北区曽根崎新地１‐５‐６　新地ＶＩＰビル１Ｆ,06-6345-5221,,,https://www.hotpepper.jp/strJ000014020/
プレミアムモルツ,400,居酒屋,おうちごはん　夢ん家,大阪府大阪市北区曽根崎新地１-2-13 田村ビル1F,06-6343-0052,,,https://www.hotpepper.jp/strJ001201493/
小瓶ビール,700,居酒屋,おうちごはん　夢ん家,大阪府大阪市北区曽根崎新地１-2-13 田村ビル1F,06-6343-0052,,,https://www.hotpepper.jp/strJ001201493/
カルピス,700,居酒屋,おうちごはん　夢ん家,大阪府大阪市北区曽根崎新地１-2-13 田村ビル1F,06-6343-0052,,,https://www.hotpepper.jp/strJ001201493/
トマト,700,居酒屋,おうちごはん　夢ん家,大阪府大阪市北区曽根崎新地１-2-13 田村ビル1F,06-6343-0052,,,https://www.hotpepper.jp/strJ001201493/
梅,700,居酒屋,おうちごはん　夢ん家,大阪府大阪市北区曽根崎新地１-2-13 田村ビル1F,06-6343-0052,,,https://www.hotpepper.jp/strJ001201493/
レモン,700,居酒屋,おうちごはん　夢ん家,大阪府大阪市北区曽根崎新地１-2-13 田村ビル1F,06-6343-0052,,,https://www.hotpepper.jp/strJ001201493/
グレープフルーツ,700,居酒屋,おうちごはん　夢ん家,大阪府大阪市北区曽根崎新地１-2-13 田村ビル1F,06-6343-0052,,,https://www.hotpepper.jp/strJ001201493/
梅,700,居酒屋,おうちごはん　夢ん家,大阪府大阪市北区曽根崎新地１-2-13 田村ビル1F,06-6343-0052,,,https://www.hotpepper.jp/strJ001201493/
桃,700,居酒屋,おうちごはん　夢ん家,大阪府大阪市北区曽根崎新地１-2-13 田村ビル1F,06-6343-0052,,,https://www.hotpepper.jp/strJ001201493/
みかん,700,居酒屋,おうちごはん　夢ん家,大阪府大阪市北区曽根崎新地１-2-13 田村ビル1F,06-6343-0052,,,https://www.hotpepper.jp/strJ001201493/
りんご,700,居酒屋,おうちごはん　夢ん家,大阪府大阪市北区曽根崎新地１-2-13 田村ビル1F,06-6343-0052,,,https://www.hotpepper.jp/strJ001201493/
ゆず,700,居酒屋,おうちごはん　夢ん家,大阪府大阪市北区曽根崎新地１-2-13 田村ビル1F,06-6343-0052,,,https://www.hotpepper.jp/strJ001201493/
老松 伊丹郷,1000,居酒屋,おうちごはん　夢ん家,大阪府大阪市北区曽根崎新地１-2-13 田村ビル1F,06-6343-0052,,,https://www.hotpepper.jp/strJ001201493/
純米大吟醸,2000,居酒屋,おうちごはん　夢ん家,大阪府大阪市北区曽根崎新地１-2-13 田村ビル1F,06-6343-0052,,,https://www.hotpepper.jp/strJ001201493/
熱かん,800,居酒屋,おうちごはん　夢ん家,大阪府大阪市北区曽根崎新地１-2-13 田村ビル1F,06-6343-0052,,,https://www.hotpepper.jp/strJ001201493/
赤霧島,700,居酒屋,おうちごはん　夢ん家,大阪府大阪市北区曽根崎新地１-2-13 田村ビル1F,06-6343-0052,,,https://www.hotpepper.jp/strJ001201493/
黒霧島,700,居酒屋,おうちごはん　夢ん家,大阪府大阪市北区曽根崎新地１-2-13 田村ビル1F,06-6343-0052,,,https://www.hotpepper.jp/strJ001201493/
伊佐美,700,居酒屋,おうちごはん　夢ん家,大阪府大阪市北区曽根崎新地１-2-13 田村ビル1F,06-6343-0052,,,https://www.hotpepper.jp/strJ001201493/
赤兎馬,700,居酒屋,おうちごはん　夢ん家,大阪府大阪市北区曽根崎新地１-2-13 田村ビル1F,06-6343-0052,,,https://www.hotpepper.jp/strJ001201493/
吉四六,700,居酒屋,おうちごはん　夢ん家,大阪府大阪市北区曽根崎新地１-2-13 田村ビル1F,06-6343-0052,,,https://www.hotpepper.jp/strJ001201493/
いいちこ,700,居酒屋,おうちごはん　夢ん家,大阪府大阪市北区曽根崎新地１-2-13 田村ビル1F,06-6343-0052,,,https://www.hotpepper.jp/strJ001201493/
鍛高譚,700,居酒屋,おうちごはん　夢ん家,大阪府大阪市北区曽根崎新地１-2-13 田村ビル1F,06-6343-0052,,,https://www.hotpepper.jp/strJ001201493/
かむちんぐ,700,居酒屋,おうちごはん　夢ん家,大阪府大阪市北区曽根崎新地１-2-13 田村ビル1F,06-6343-0052,,,https://www.hotpepper.jp/strJ001201493/
萬力,700,居酒屋,おうちごはん　夢ん家,大阪府大阪市北区曽根崎新地１-2-13 田村ビル1F,06-6343-0052,,,https://www.hotpepper.jp/strJ001201493/
山猿,700,居酒屋,おうちごはん　夢ん家,大阪府大阪市北区曽根崎新地１-2-13 田村ビル1F,06-6343-0052,,,https://www.hotpepper.jp/strJ001201493/
中々,700,居酒屋,おうちごはん　夢ん家,大阪府大阪市北区曽根崎新地１-2-13 田村ビル1F,06-6343-0052,,,https://www.hotpepper.jp/strJ001201493/
角瓶,700,居酒屋,おうちごはん　夢ん家,大阪府大阪市北区曽根崎新地１-2-13 田村ビル1F,06-6343-0052,,,https://www.hotpepper.jp/strJ001201493/
白州,700,居酒屋,おうちごはん　夢ん家,大阪府大阪市北区曽根崎新地１-2-13 田村ビル1F,06-6343-0052,,,https://www.hotpepper.jp/strJ001201493/
山崎12年,1000,居酒屋,おうちごはん　夢ん家,大阪府大阪市北区曽根崎新地１-2-13 田村ビル1F,06-6343-0052,,,https://www.hotpepper.jp/strJ001201493/
響17年,1500,居酒屋,おうちごはん　夢ん家,大阪府大阪市北区曽根崎新地１-2-13 田村ビル1F,06-6343-0052,,,https://www.hotpepper.jp/strJ001201493/
ソーダ,＋100,居酒屋,おうちごはん　夢ん家,大阪府大阪市北区曽根崎新地１-2-13 田村ビル1F,06-6343-0052,,,https://www.hotpepper.jp/strJ001201493/
ジンジャー,＋100,居酒屋,おうちごはん　夢ん家,大阪府大阪市北区曽根崎新地１-2-13 田村ビル1F,06-6343-0052,,,https://www.hotpepper.jp/strJ001201493/
トニック,＋100,居酒屋,おうちごはん　夢ん家,大阪府大阪市北区曽根崎新地１-2-13 田村ビル1F,06-6343-0052,,,https://www.hotpepper.jp/strJ001201493/
緑茶,500,居酒屋,おうちごはん　夢ん家,大阪府大阪市北区曽根崎新地１-2-13 田村ビル1F,06-6343-0052,,,https://www.hotpepper.jp/strJ001201493/
麦茶,500,居酒屋,おうちごはん　夢ん家,大阪府大阪市北区曽根崎新地１-2-13 田村ビル1F,06-6343-0052,,,https://www.hotpepper.jp/strJ001201493/
ジャスミン茶,500,居酒屋,おうちごはん　夢ん家,大阪府大阪市北区曽根崎新地１-2-13 田村ビル1F,06-6343-0052,,,https://www.hotpepper.jp/strJ001201493/
ウーロン茶,500,居酒屋,おうちごはん　夢ん家,大阪府大阪市北区曽根崎新地１-2-13 田村ビル1F,06-6343-0052,,,https://www.hotpepper.jp/strJ001201493/
トマト,500,居酒屋,おうちごはん　夢ん家,大阪府大阪市北区曽根崎新地１-2-13 田村ビル1F,06-6343-0052,,,https://www.hotpepper.jp/strJ001201493/
オレンジ,500,居酒屋,おうちごはん　夢ん家,大阪府大阪市北区曽根崎新地１-2-13 田村ビル1F,06-6343-0052,,,https://www.hotpepper.jp/strJ001201493/
ジンジャーエール,500,居酒屋,おうちごはん　夢ん家,大阪府大阪市北区曽根崎新地１-2-13 田村ビル1F,06-6343-0052,,,https://www.hotpepper.jp/strJ001201493/
アサヒドライ　生ビール、ビンビール,各種600,和食,すし処　次郎丸,大阪府大阪市北区曽根崎新地１‐５‐７　森ビル１Ｆ,06-6345-5081,,,https://www.hotpepper.jp/strJ000682972/
チューハイ,各種400,和食,すし処　次郎丸,大阪府大阪市北区曽根崎新地１‐５‐７　森ビル１Ｆ,06-6345-5081,,,https://www.hotpepper.jp/strJ000682972/
ソフトドリンク,300,和食,すし処　次郎丸,大阪府大阪市北区曽根崎新地１‐５‐７　森ビル１Ｆ,06-6345-5081,,,https://www.hotpepper.jp/strJ000682972/
都錦,1000,和食,すし処　次郎丸,大阪府大阪市北区曽根崎新地１‐５‐７　森ビル１Ｆ,06-6345-5081,,,https://www.hotpepper.jp/strJ000682972/
辛円波,1000,和食,すし処　次郎丸,大阪府大阪市北区曽根崎新地１‐５‐７　森ビル１Ｆ,06-6345-5081,,,https://www.hotpepper.jp/strJ000682972/
菊姫,1000,和食,すし処　次郎丸,大阪府大阪市北区曽根崎新地１‐５‐７　森ビル１Ｆ,06-6345-5081,,,https://www.hotpepper.jp/strJ000682972/
白岳仙,1000,和食,すし処　次郎丸,大阪府大阪市北区曽根崎新地１‐５‐７　森ビル１Ｆ,06-6345-5081,,,https://www.hotpepper.jp/strJ000682972/
麒麟山,1000,和食,すし処　次郎丸,大阪府大阪市北区曽根崎新地１‐５‐７　森ビル１Ｆ,06-6345-5081,,,https://www.hotpepper.jp/strJ000682972/
春鹿,1200,和食,すし処　次郎丸,大阪府大阪市北区曽根崎新地１‐５‐７　森ビル１Ｆ,06-6345-5081,,,https://www.hotpepper.jp/strJ000682972/
佐藤　黒,1000,和食,すし処　次郎丸,大阪府大阪市北区曽根崎新地１‐５‐７　森ビル１Ｆ,06-6345-5081,,,https://www.hotpepper.jp/strJ000682972/
山元,800,和食,すし処　次郎丸,大阪府大阪市北区曽根崎新地１‐５‐７　森ビル１Ｆ,06-6345-5081,,,https://www.hotpepper.jp/strJ000682972/
潤平,800,和食,すし処　次郎丸,大阪府大阪市北区曽根崎新地１‐５‐７　森ビル１Ｆ,06-6345-5081,,,https://www.hotpepper.jp/strJ000682972/
スタンダードウイスキー　1ショット:ダブル,900,バー・カクテル,十年,大阪府大阪市北区曽根崎新地１－５－７　梅ばちビル1F,06-6344-2407,,,https://www.hotpepper.jp/strJ000018593/
年代もの（オールドボトル）　1ショット:ダブル,2500,バー・カクテル,十年,大阪府大阪市北区曽根崎新地１－５－７　梅ばちビル1F,06-6344-2407,,,https://www.hotpepper.jp/strJ000018593/
10年もの　1ショット:ダブル,1500,バー・カクテル,十年,大阪府大阪市北区曽根崎新地１－５－７　梅ばちビル1F,06-6344-2407,,,https://www.hotpepper.jp/strJ000018593/
ボトル各種,6000～,バー・カクテル,Pearl（パール）,大阪府大阪市北区曽根崎新地１-5-2大川ビル本館６Ｆ,06-6347-4396,,,https://www.hotpepper.jp/strJ001146591/
焼酎,600～,バー・カクテル,Pearl（パール）,大阪府大阪市北区曽根崎新地１-5-2大川ビル本館６Ｆ,06-6347-4396,,,https://www.hotpepper.jp/strJ001146591/
ウイスキー,1000～,バー・カクテル,Pearl（パール）,大阪府大阪市北区曽根崎新地１-5-2大川ビル本館６Ｆ,06-6347-4396,,,https://www.hotpepper.jp/strJ001146591/
カクテル,1000～,バー・カクテル,Pearl（パール）,大阪府大阪市北区曽根崎新地１-5-2大川ビル本館６Ｆ,06-6347-4396,,,https://www.hotpepper.jp/strJ001146591/
ワイン,1500～,バー・カクテル,Pearl（パール）,大阪府大阪市北区曽根崎新地１-5-2大川ビル本館６Ｆ,06-6347-4396,,,https://www.hotpepper.jp/strJ001146591/
生ビール,700,和食,天富,大阪府大阪市北区曽根崎新地１‐５‐２　大川ビル本館２Ｆ,06-6341-1959,,,https://www.hotpepper.jp/strJ000448321/
瓶ビール,800,和食,天富,大阪府大阪市北区曽根崎新地１‐５‐２　大川ビル本館２Ｆ,06-6341-1959,,,https://www.hotpepper.jp/strJ000448321/
日本酒,800,和食,天富,大阪府大阪市北区曽根崎新地１‐５‐２　大川ビル本館２Ｆ,06-6341-1959,,,https://www.hotpepper.jp/strJ000448321/
焼酎,700,和食,天富,大阪府大阪市北区曽根崎新地１‐５‐２　大川ビル本館２Ｆ,06-6341-1959,,,https://www.hotpepper.jp/strJ000448321/
梅酒,800,和食,天富,大阪府大阪市北区曽根崎新地１‐５‐２　大川ビル本館２Ｆ,06-6341-1959,,,https://www.hotpepper.jp/strJ000448321/
ワイン（赤・白）,グラス1000,和食,天富,大阪府大阪市北区曽根崎新地１‐５‐２　大川ビル本館２Ｆ,06-6341-1959,,,https://www.hotpepper.jp/strJ000448321/
シャンパン,グラス1500,和食,天富,大阪府大阪市北区曽根崎新地１‐５‐２　大川ビル本館２Ｆ,06-6341-1959,,,https://www.hotpepper.jp/strJ000448321/
角ハイボール,495,居酒屋,やきとり CURURU 北新地店,大阪府大阪市北区曽根崎新地１-5-7 森ビル2F,06-6341-3310,,,https://www.hotpepper.jp/strJ001192410/
I.W.ハーパーゴールドメダルハイボール,550,居酒屋,やきとり CURURU 北新地店,大阪府大阪市北区曽根崎新地１-5-7 森ビル2F,06-6341-3310,,,https://www.hotpepper.jp/strJ001192410/
山崎プレミアムハイボール,825,居酒屋,やきとり CURURU 北新地店,大阪府大阪市北区曽根崎新地１-5-7 森ビル2F,06-6341-3310,,,https://www.hotpepper.jp/strJ001192410/
白州森香るハイボール,825,居酒屋,やきとり CURURU 北新地店,大阪府大阪市北区曽根崎新地１-5-7 森ビル2F,06-6341-3310,,,https://www.hotpepper.jp/strJ001192410/
知多ハイボール,825,居酒屋,やきとり CURURU 北新地店,大阪府大阪市北区曽根崎新地１-5-7 森ビル2F,06-6341-3310,,,https://www.hotpepper.jp/strJ001192410/
<生ビール>キリン一番搾りプレミアム,660,居酒屋,やきとり CURURU 北新地店,大阪府大阪市北区曽根崎新地１-5-7 森ビル2F,06-6341-3310,,,https://www.hotpepper.jp/strJ001192410/
<瓶ビール>アサヒスーパードライ　中瓶,660,居酒屋,やきとり CURURU 北新地店,大阪府大阪市北区曽根崎新地１-5-7 森ビル2F,06-6341-3310,,,https://www.hotpepper.jp/strJ001192410/
<瓶ビール>サッポロ　黒ラベル　中瓶,660,居酒屋,やきとり CURURU 北新地店,大阪府大阪市北区曽根崎新地１-5-7 森ビル2F,06-6341-3310,,,https://www.hotpepper.jp/strJ001192410/
キリン零ICHI,440,居酒屋,やきとり CURURU 北新地店,大阪府大阪市北区曽根崎新地１-5-7 森ビル2F,06-6341-3310,,,https://www.hotpepper.jp/strJ001192410/
レモンサワー,495,居酒屋,やきとり CURURU 北新地店,大阪府大阪市北区曽根崎新地１-5-7 森ビル2F,06-6341-3310,,,https://www.hotpepper.jp/strJ001192410/
桃サワー,495,居酒屋,やきとり CURURU 北新地店,大阪府大阪市北区曽根崎新地１-5-7 森ビル2F,06-6341-3310,,,https://www.hotpepper.jp/strJ001192410/
ライムサワー,495,居酒屋,やきとり CURURU 北新地店,大阪府大阪市北区曽根崎新地１-5-7 森ビル2F,06-6341-3310,,,https://www.hotpepper.jp/strJ001192410/
トマトサワー,495,居酒屋,やきとり CURURU 北新地店,大阪府大阪市北区曽根崎新地１-5-7 森ビル2F,06-6341-3310,,,https://www.hotpepper.jp/strJ001192410/
パイン酢サワー,495,居酒屋,やきとり CURURU 北新地店,大阪府大阪市北区曽根崎新地１-5-7 森ビル2F,06-6341-3310,,,https://www.hotpepper.jp/strJ001192410/
ゆずサワー,495,居酒屋,やきとり CURURU 北新地店,大阪府大阪市北区曽根崎新地１-5-7 森ビル2F,06-6341-3310,,,https://www.hotpepper.jp/strJ001192410/
カルピスサワー,495,居酒屋,やきとり CURURU 北新地店,大阪府大阪市北区曽根崎新地１-5-7 森ビル2F,06-6341-3310,,,https://www.hotpepper.jp/strJ001192410/
梅サワー,495,居酒屋,やきとり CURURU 北新地店,大阪府大阪市北区曽根崎新地１-5-7 森ビル2F,06-6341-3310,,,https://www.hotpepper.jp/strJ001192410/
カシス,539,居酒屋,やきとり CURURU 北新地店,大阪府大阪市北区曽根崎新地１-5-7 森ビル2F,06-6341-3310,,,https://www.hotpepper.jp/strJ001192410/
ペシェ,539,居酒屋,やきとり CURURU 北新地店,大阪府大阪市北区曽根崎新地１-5-7 森ビル2F,06-6341-3310,,,https://www.hotpepper.jp/strJ001192410/
カンパリ,539,居酒屋,やきとり CURURU 北新地店,大阪府大阪市北区曽根崎新地１-5-7 森ビル2F,06-6341-3310,,,https://www.hotpepper.jp/strJ001192410/
グリーンティー,539,居酒屋,やきとり CURURU 北新地店,大阪府大阪市北区曽根崎新地１-5-7 森ビル2F,06-6341-3310,,,https://www.hotpepper.jp/strJ001192410/
マンゴー梅酒,550,居酒屋,やきとり CURURU 北新地店,大阪府大阪市北区曽根崎新地１-5-7 森ビル2F,06-6341-3310,,,https://www.hotpepper.jp/strJ001192410/
にごり梅酒,550,居酒屋,やきとり CURURU 北新地店,大阪府大阪市北区曽根崎新地１-5-7 森ビル2F,06-6341-3310,,,https://www.hotpepper.jp/strJ001192410/
ゆず酒,550,居酒屋,やきとり CURURU 北新地店,大阪府大阪市北区曽根崎新地１-5-7 森ビル2F,06-6341-3310,,,https://www.hotpepper.jp/strJ001192410/
加賀梅酒,550,居酒屋,やきとり CURURU 北新地店,大阪府大阪市北区曽根崎新地１-5-7 森ビル2F,06-6341-3310,,,https://www.hotpepper.jp/strJ001192410/
ウーロン茶,330,居酒屋,やきとり CURURU 北新地店,大阪府大阪市北区曽根崎新地１-5-7 森ビル2F,06-6341-3310,,,https://www.hotpepper.jp/strJ001192410/
黒ウーロン茶,330,居酒屋,やきとり CURURU 北新地店,大阪府大阪市北区曽根崎新地１-5-7 森ビル2F,06-6341-3310,,,https://www.hotpepper.jp/strJ001192410/
緑茶,330,居酒屋,やきとり CURURU 北新地店,大阪府大阪市北区曽根崎新地１-5-7 森ビル2F,06-6341-3310,,,https://www.hotpepper.jp/strJ001192410/
カルピス,330,居酒屋,やきとり CURURU 北新地店,大阪府大阪市北区曽根崎新地１-5-7 森ビル2F,06-6341-3310,,,https://www.hotpepper.jp/strJ001192410/
コーラ,330,居酒屋,やきとり CURURU 北新地店,大阪府大阪市北区曽根崎新地１-5-7 森ビル2F,06-6341-3310,,,https://www.hotpepper.jp/strJ001192410/
グレープフルーツ,330,居酒屋,やきとり CURURU 北新地店,大阪府大阪市北区曽根崎新地１-5-7 森ビル2F,06-6341-3310,,,https://www.hotpepper.jp/strJ001192410/
オレンジジュース,330,居酒屋,やきとり CURURU 北新地店,大阪府大阪市北区曽根崎新地１-5-7 森ビル2F,06-6341-3310,,,https://www.hotpepper.jp/strJ001192410/
ジンジャエール,330,居酒屋,やきとり CURURU 北新地店,大阪府大阪市北区曽根崎新地１-5-7 森ビル2F,06-6341-3310,,,https://www.hotpepper.jp/strJ001192410/
トマトジュース,330,居酒屋,やきとり CURURU 北新地店,大阪府大阪市北区曽根崎新地１-5-7 森ビル2F,06-6341-3310,,,https://www.hotpepper.jp/strJ001192410/
白鶴 杜氏艦（兵庫）,836,居酒屋,やきとり CURURU 北新地店,大阪府大阪市北区曽根崎新地１-5-7 森ビル2F,06-6341-3310,,,https://www.hotpepper.jp/strJ001192410/
天草　（熊本）,473,居酒屋,やきとり CURURU 北新地店,大阪府大阪市北区曽根崎新地１-5-7 森ビル2F,06-6341-3310,,,https://www.hotpepper.jp/strJ001192410/
中々　（熊本）,649,居酒屋,やきとり CURURU 北新地店,大阪府大阪市北区曽根崎新地１-5-7 森ビル2F,06-6341-3310,,,https://www.hotpepper.jp/strJ001192410/
佐藤　（鹿児島）,649,居酒屋,やきとり CURURU 北新地店,大阪府大阪市北区曽根崎新地１-5-7 森ビル2F,06-6341-3310,,,https://www.hotpepper.jp/strJ001192410/
黒霧島　（宮崎）,473,居酒屋,やきとり CURURU 北新地店,大阪府大阪市北区曽根崎新地１-5-7 森ビル2F,06-6341-3310,,,https://www.hotpepper.jp/strJ001192410/
不二才 はい　（鹿児島）,649,居酒屋,やきとり CURURU 北新地店,大阪府大阪市北区曽根崎新地１-5-7 森ビル2F,06-6341-3310,,,https://www.hotpepper.jp/strJ001192410/
佐藤 黒　（鹿児島）,649,居酒屋,やきとり CURURU 北新地店,大阪府大阪市北区曽根崎新地１-5-7 森ビル2F,06-6341-3310,,,https://www.hotpepper.jp/strJ001192410/
佐藤 白　（鹿児島）,649,居酒屋,やきとり CURURU 北新地店,大阪府大阪市北区曽根崎新地１-5-7 森ビル2F,06-6341-3310,,,https://www.hotpepper.jp/strJ001192410/
富乃宝山　（鹿児島）,649,居酒屋,やきとり CURURU 北新地店,大阪府大阪市北区曽根崎新地１-5-7 森ビル2F,06-6341-3310,,,https://www.hotpepper.jp/strJ001192410/
海　（鹿児島）,649,居酒屋,やきとり CURURU 北新地店,大阪府大阪市北区曽根崎新地１-5-7 森ビル2F,06-6341-3310,,,https://www.hotpepper.jp/strJ001192410/
壱の醸 朝日　（奄美）,649,居酒屋,やきとり CURURU 北新地店,大阪府大阪市北区曽根崎新地１-5-7 森ビル2F,06-6341-3310,,,https://www.hotpepper.jp/strJ001192410/
残波　（沖縄）,649,居酒屋,やきとり CURURU 北新地店,大阪府大阪市北区曽根崎新地１-5-7 森ビル2F,06-6341-3310,,,https://www.hotpepper.jp/strJ001192410/
黒霧島　（宮崎）,3300,居酒屋,やきとり CURURU 北新地店,大阪府大阪市北区曽根崎新地１-5-7 森ビル2F,06-6341-3310,,,https://www.hotpepper.jp/strJ001192410/
佐藤 黒　（鹿児島）,5500,居酒屋,やきとり CURURU 北新地店,大阪府大阪市北区曽根崎新地１-5-7 森ビル2F,06-6341-3310,,,https://www.hotpepper.jp/strJ001192410/
ピノ.ノワール レ.ミュリエ,4510,居酒屋,やきとり CURURU 北新地店,大阪府大阪市北区曽根崎新地１-5-7 森ビル2F,06-6341-3310,,,https://www.hotpepper.jp/strJ001192410/
ランチ32 カベルネ・ソーヴィニヨン　モントレー,4730,居酒屋,やきとり CURURU 北新地店,大阪府大阪市北区曽根崎新地１-5-7 森ビル2F,06-6341-3310,,,https://www.hotpepper.jp/strJ001192410/
ブローリオ キャンティ クラシコ,6380,居酒屋,やきとり CURURU 北新地店,大阪府大阪市北区曽根崎新地１-5-7 森ビル2F,06-6341-3310,,,https://www.hotpepper.jp/strJ001192410/
フォースター ナパヴァレー カベルネ・ソーヴィニヨン,7480,居酒屋,やきとり CURURU 北新地店,大阪府大阪市北区曽根崎新地１-5-7 森ビル2F,06-6341-3310,,,https://www.hotpepper.jp/strJ001192410/
トロワ ド ヴァランドロー,11000,居酒屋,やきとり CURURU 北新地店,大阪府大阪市北区曽根崎新地１-5-7 森ビル2F,06-6341-3310,,,https://www.hotpepper.jp/strJ001192410/
トーレス ヴィーニャ エスメラルダ,4950,居酒屋,やきとり CURURU 北新地店,大阪府大阪市北区曽根崎新地１-5-7 森ビル2F,06-6341-3310,,,https://www.hotpepper.jp/strJ001192410/
トリンバック ピノブラン,5500,居酒屋,やきとり CURURU 北新地店,大阪府大阪市北区曽根崎新地１-5-7 森ビル2F,06-6341-3310,,,https://www.hotpepper.jp/strJ001192410/
シャルロパン パリゾ プティ シャブリ,7678,居酒屋,やきとり CURURU 北新地店,大阪府大阪市北区曽根崎新地１-5-7 森ビル2F,06-6341-3310,,,https://www.hotpepper.jp/strJ001192410/
ヴェルディッキオ デイ カステッリ ディ イエージ クラッシコ“ブーカ.デッラ.マルコーナ”,9680,居酒屋,やきとり CURURU 北新地店,大阪府大阪市北区曽根崎新地１-5-7 森ビル2F,06-6341-3310,,,https://www.hotpepper.jp/strJ001192410/
ピュリニー モンラッシェ スー ル ピュイ,14300,居酒屋,やきとり CURURU 北新地店,大阪府大阪市北区曽根崎新地１-5-7 森ビル2F,06-6341-3310,,,https://www.hotpepper.jp/strJ001192410/
マム グラン コルドン,14080,居酒屋,やきとり CURURU 北新地店,大阪府大阪市北区曽根崎新地１-5-7 森ビル2F,06-6341-3310,,,https://www.hotpepper.jp/strJ001192410/
ペリエ ジュエ グラン ブリュット,16280,居酒屋,やきとり CURURU 北新地店,大阪府大阪市北区曽根崎新地１-5-7 森ビル2F,06-6341-3310,,,https://www.hotpepper.jp/strJ001192410/
